id_contrato,cd_cliente,dt_contrato,vl_limite,vl_utilizado,tp_produto,cd_status,dt_vencimento,nr_parcelas,tx_juros_am
D41009DF-11BD-46,32390ACA-4E5,2020-11-11,34056.83,34956.13,CREDITO_PESSOAL,RENEGOCIADO,2030-02-26,30,5.907
D4E19017-8A4B-45,39F27A0C-AD2,2023-10-28,66967.26,26367.1,CREDITO_PESSOAL,ATIVO,2028-02-05,28,5.7457
66A6BAC4-FF49-42,5B821097-A04,2020-07-19,96492.98,14007.15,FINANCIAMENTO_VEICULO,ATIVO,2025-05-07,36,6.2878
9A9985B5-BDC2-48,073E4F44-5B2,2023-01-28,13066.78,5223.68,FINANCIAMENTO_VEICULO,ATIVO,2029-08-29,12,3.8612
7F8FEC33-1C2E-46,29AB96AB-FB3,2020-03-09,94154.35,108119.94,CHEQUE_ESPECIAL,ENCERRADO,2024-03-09,13,6.4473
AC7CDDEB-E935-4B,89654588-6F7,2019-09-14,35716.68,24682.97,CONSIGNADO,ATIVO,2029-12-23,24,4.9538
68337607-D997-45,906C71F1-123,2019-11-15,69522.63,79725.15,CREDITO_PESSOAL,ENCERRADO,2025-02-14,44,2.0754
5A1B573C-E8D0-42,6DA11505-C42,2019-09-15,63614.11,45224.03,CONSIGNADO,RENEGOCIADO,2026-04-08,18,1.1766
FBE14D41-F2A5-46,87D22A35-FAC,2022-05-16,96930.06,44685.12,CONSIGNADO,RENEGOCIADO,2029-05-05,30,3.2788
79A965E8-C2B7-4E,1C4B2831-F64,2018-11-03,72293.99,24940.86,CREDITO_PESSOAL,EM_ATRASO,2026-05-05,60,6.4476
D7E146D2-8B43-4E,D3DE2500-F84,2022-08-08,59601.5,4579.6,CHEQUE_ESPECIAL,ENCERRADO,2029-05-23,53,2.0339
CF518680-3BF9-40,90E52B7A-902,2020-09-20,97223.45,109174.48,FINANCIAMENTO_VEICULO,ENCERRADO,2028-09-12,26,5.3539
D8DD4D20-1049-4F,EA9A6C74-089,2020-07-15,25233.04,10168.12,CREDITO_PESSOAL,ENCERRADO,2028-07-02,8,6.39
9568318B-28EA-46,B0BF411A-DBD,2020-04-23,58800.01,45462.1,FINANCIAMENTO_VEICULO,ENCERRADO,2027-02-02,49,3.3215
17D660A1-BB6A-40,268F51E1-4DF,2023-11-18,63857.28,38232.2,CARTAO_CREDITO,RENEGOCIADO,2026-08-09,43,4.1747
9589398F-7BEA-45,4D14CAB2-CFE,2023-02-05,82312.92,51235.55,CHEQUE_ESPECIAL,ATIVO,2027-10-30,57,2.8952
F726C4DD-A559-43,01DBFC13-400,2020-11-12,98801.96,43347.08,CARTAO_CREDITO,RENEGOCIADO,2028-10-10,38,2.0971
60175562-3939-4C,D93797BE-03D,2023-06-19,71121.19,70789.2,CREDITO_PESSOAL,ENCERRADO,2029-11-11,7,1.482
76672A15-70A8-4E,9669D6BD-A97,2022-01-25,73310.05,80911.91,CHEQUE_ESPECIAL,RENEGOCIADO,2028-11-06,27,1.2362
A0EB00B8-39D3-43,DBCB4AA5-0DF,2021-02-03,10966.41,9710.07,CREDITO_PESSOAL,EM_ATRASO,2028-09-14,43,7.2395
AC96395F-8059-4C,30ED5C00-EBE,2019-02-19,98317.12,9394.92,FINANCIAMENTO_VEICULO,ENCERRADO,2030-07-27,32,2.5047
28F3FA06-6E46-46,B56817AC-B19,2023-06-22,43659.82,13343.2,CONSIGNADO,RENEGOCIADO,2030-10-20,34,7.502
255C7ABF-9FF0-43,BCA7F814-27F,2019-03-18,66921.92,3240.12,CONSIGNADO,ATIVO,2030-06-15,7,1.7045
85FBF4DC-C5BB-40,BCA7F814-27F,2022-09-24,76521.05,31741.39,FINANCIAMENTO_VEICULO,ATIVO,2027-11-23,42,6.8686
DF7985AC-B0C0-49,08B9C018-B8A,2023-11-12,85297.19,56240.42,CARTAO_CREDITO,RENEGOCIADO,2028-11-03,43,7.7922
C5DCA789-BC72-4A,87417BDA-E53,2021-09-09,21995.93,4571.82,CARTAO_CREDITO,EM_ATRASO,2028-08-15,52,1.0185
9EB701CE-1300-4B,0F9DB298-5AC,2022-01-08,45934.01,47063.36,CREDITO_PESSOAL,EM_ATRASO,2026-10-15,18,4.2343
1B97488A-B0A9-4A,2773C0F9-62F,2020-12-13,5256.01,2769.58,CHEQUE_ESPECIAL,ENCERRADO,2030-04-06,50,7.4488
0A69DBA5-EE3B-4C,B9C48B6E-FC5,2021-11-28,65004.55,55371.56,CHEQUE_ESPECIAL,RENEGOCIADO,2024-12-30,22,3.5089
0D947CCE-2C33-4D,A1984E5A-EF2,2020-07-21,54054.36,50050.5,CREDITO_PESSOAL,EM_ATRASO,2025-02-18,59,6.3589
EE4A8B36-9A7C-46,C71AA9FC-94F,2023-07-30,64125.45,23076.38,CHEQUE_ESPECIAL,RENEGOCIADO,2026-04-08,17,7.391
C9DC7645-1C23-4D,3CAE1B72-329,2022-11-29,48801.34,18913.03,CREDITO_PESSOAL,ENCERRADO,2025-11-21,21,0.9226
896F4DD9-46FE-49,B199EEEA-831,2023-09-05,19384.08,6922.19,CONSIGNADO,EM_ATRASO,2030-04-12,35,2.1699
14534BAB-4240-46,EF7BA63E-0C8,2019-01-18,62037.86,5417.5,CARTAO_CREDITO,RENEGOCIADO,2026-12-14,10,6.3123
B1893B89-E435-44,017A9A33-7D3,2022-04-27,53516.36,24417.92,CARTAO_CREDITO,EM_ATRASO,2030-11-17,37,8.2747
75E55E6E-FD1B-49,35CE8AC1-4A4,2018-06-17,32721.71,8460.15,CHEQUE_ESPECIAL,ENCERRADO,2027-01-26,2,4.6076
571EBDA9-8231-48,D81F3327-3BB,2020-10-01,83408.17,94313.92,CHEQUE_ESPECIAL,RENEGOCIADO,2026-06-03,10,0.8956
30C604E9-A992-41,2C99A21F-284,2023-06-03,24746.18,591.19,FINANCIAMENTO_VEICULO,RENEGOCIADO,2030-03-28,36,8.4875
6F0ACAD8-4104-44,1469118F-78A,2023-10-26,19627.79,4199.69,CONSIGNADO,RENEGOCIADO,2030-06-15,57,7.748
7DE9FAEE-A165-46,EA4E9F3B-606,2022-01-30,39016.83,11732.99,CREDITO_PESSOAL,RENEGOCIADO,2028-02-25,24,7.7304
886FE6D2-3393-48,0FF581E6-A5B,2022-01-02,93723.76,34507.02,CARTAO_CREDITO,ENCERRADO,2027-08-10,56,7.1713
0ED75ADC-BBC6-4F,C5EF64D9-B61,2019-06-12,70392.26,64401.22,CARTAO_CREDITO,RENEGOCIADO,2030-01-01,21,1.607
1BB5EE56-EA3A-42,0F35ABCC-954,2021-11-27,82716.23,21671.49,CONSIGNADO,ENCERRADO,2029-03-20,18,5.2218
49C7D492-AB98-4E,821DEE12-711,2023-07-30,5793.54,4122.84,CONSIGNADO,RENEGOCIADO,2024-09-21,11,0.9703
82A006FB-0D62-48,EA2C1811-3BE,2021-11-24,45122.59,33743.54,FINANCIAMENTO_VEICULO,ENCERRADO,2024-09-18,44,3.529
5459EA56-A155-4E,FD84BC3D-46D,2020-10-29,95496.06,30320.38,CARTAO_CREDITO,RENEGOCIADO,2028-10-30,46,6.6856
968A8B16-F45D-44,BAB094D2-1DE,2023-01-26,13769.0,6274.3,CREDITO_PESSOAL,EM_ATRASO,2027-09-15,15,5.1879
A83F7F62-336B-4C,0383A464-2D4,2019-08-14,87658.89,95391.1,CONSIGNADO,EM_ATRASO,2024-01-28,40,1.2079
287DBA29-D2DC-46,4063D7D3-982,2018-10-18,75569.4,51052.03,CONSIGNADO,ATIVO,2029-12-09,27,6.4239
79AFA01F-0F39-46,57C3B5B0-C1B,2020-01-05,73389.36,20998.12,CHEQUE_ESPECIAL,ATIVO,2029-07-20,47,1.7202
9E7C3341-85BD-49,0519BB7B-38B,2022-05-06,9366.02,10190.88,FINANCIAMENTO_VEICULO,RENEGOCIADO,2029-04-27,9,7.3239
F29B3E88-21D5-4F,C2C9E731-2D3,2019-12-28,18707.47,6694.93,FINANCIAMENTO_VEICULO,EM_ATRASO,2029-08-08,6,2.2212
9B66F609-626B-48,34B457D0-EB5,2018-12-01,40442.06,10540.67,CREDITO_PESSOAL,RENEGOCIADO,2025-01-20,34,2.7848
331CC0ED-F21C-4A,3ACA409F-4E1,2024-03-31,87990.48,6162.5,CARTAO_CREDITO,EM_ATRASO,2025-01-26,11,0.8133
BDE74592-A435-4C,1F09A06B-DD2,2021-08-31,98520.31,1425.12,FINANCIAMENTO_VEICULO,EM_ATRASO,2024-04-23,52,7.7696
A73B5F09-0669-4D,DDA20600-4DC,2019-12-08,56554.79,55890.97,CHEQUE_ESPECIAL,RENEGOCIADO,2026-01-14,35,2.4815
F11A85E8-FA46-4D,030B22D5-4B3,2019-09-26,34852.17,34953.65,CONSIGNADO,EM_ATRASO,2030-06-09,12,7.6641
45A1F931-EEDD-46,A130A59A-347,2019-12-29,70783.57,71606.27,CONSIGNADO,ENCERRADO,2028-12-28,2,5.59
A42BA91C-9ECD-48,89654588-6F7,2019-05-08,93561.66,95570.3,CREDITO_PESSOAL,EM_ATRASO,2025-03-17,23,6.0593
BAD7CE56-6974-4D,FD84BC3D-46D,2019-02-13,59215.58,11398.59,FINANCIAMENTO_VEICULO,ENCERRADO,2030-10-07,10,8.4795
243BF425-5B7F-4D,EA9A6C74-089,2024-02-23,92039.91,99264.21,FINANCIAMENTO_VEICULO,RENEGOCIADO,2025-04-21,43,5.0694
3C15D826-7C38-43,BD29C62B-BBB,2020-09-07,34165.22,14368.1,FINANCIAMENTO_VEICULO,ENCERRADO,2028-07-13,3,3.5591
38836C79-4504-4E,E1BFEE2D-566,2019-02-09,91702.74,97140.1,CONSIGNADO,ATIVO,2027-08-05,59,4.8605
972C190B-A944-4F,683CF02D-B9C,2022-06-03,57721.14,35308.86,CONSIGNADO,ENCERRADO,2027-03-03,21,1.8432
E53309BA-9D62-46,58CDA718-A17,2022-10-13,76470.5,25763.14,FINANCIAMENTO_VEICULO,RENEGOCIADO,2028-03-24,6,4.5766
A3F8AD37-FE3A-41,DC340A60-19F,2023-06-06,49378.32,18257.22,CONSIGNADO,RENEGOCIADO,2027-06-06,32,8.4406
9004DE8D-35F0-4E,4671BFA8-8E9,2018-08-14,77188.71,68425.41,CONSIGNADO,ATIVO,2026-02-09,6,3.1648
3BA45197-9306-4C,9875DE9D-F06,2024-02-02,58953.25,61035.35,CHEQUE_ESPECIAL,EM_ATRASO,2024-07-15,35,1.0153
678EB0CA-954B-42,6C27E886-59D,2021-12-11,96693.44,42800.06,CONSIGNADO,ATIVO,2028-11-11,48,4.7145
BEC40EFA-D6C9-4B,4063D7D3-982,2018-07-03,84997.47,49728.4,CHEQUE_ESPECIAL,ATIVO,2029-02-15,12,7.6711
D56FCC37-2874-43,039CB7B0-556,2020-04-13,71384.85,5989.76,FINANCIAMENTO_VEICULO,ENCERRADO,2030-05-28,41,5.5202
F83404EC-ABE1-41,2E89CF01-308,2019-04-22,5000.77,2193.9,CREDITO_PESSOAL,ATIVO,2026-09-11,43,7.065
0A213AB1-32DF-44,500123EC-784,2022-05-17,83214.75,94204.28,CHEQUE_ESPECIAL,EM_ATRASO,2028-07-04,3,2.0007
E7C121CE-A2BE-46,D5965D2A-4E0,2020-11-23,60075.79,42955.89,FINANCIAMENTO_VEICULO,EM_ATRASO,2026-04-19,57,5.8307
6539E661-00C3-40,6433431E-8AE,2018-02-11,91416.75,43019.25,FINANCIAMENTO_VEICULO,RENEGOCIADO,2028-03-24,18,7.2883
214DD76E-E2F5-48,A130A59A-347,2020-11-04,19354.9,17344.1,CONSIGNADO,ATIVO,2028-06-07,3,6.1592
900C2729-0760-48,2B83ED62-FA4,2020-07-02,45188.26,34451.87,CARTAO_CREDITO,ATIVO,2025-04-17,11,7.7471
52881180-39DB-4D,B0BF411A-DBD,2021-09-02,49109.41,10355.33,CHEQUE_ESPECIAL,EM_ATRASO,2028-06-19,19,4.9292
79241988-9BFC-46,C33CA94C-318,2019-03-21,28828.13,18900.43,CARTAO_CREDITO,RENEGOCIADO,2026-04-07,6,5.0716
220A5ADB-DB34-42,BB477938-2AD,2018-05-27,50047.74,7316.09,FINANCIAMENTO_VEICULO,RENEGOCIADO,2025-03-23,8,2.5606
D307D761-D82C-4B,789BC4A6-588,2018-10-04,83392.93,17691.82,CHEQUE_ESPECIAL,RENEGOCIADO,2030-11-25,24,4.1734
A19221DE-E318-4E,CBB26255-74F,2018-06-18,14704.49,10095.39,CONSIGNADO,ENCERRADO,2026-05-11,47,3.248
D3894CD1-2077-41,ED250E1E-34B,2021-10-30,57095.73,62284.47,CREDITO_PESSOAL,ENCERRADO,2027-12-05,30,2.345
B802BE52-9015-4D,5BA44431-B26,2019-09-20,64591.45,29066.71,CREDITO_PESSOAL,ATIVO,2026-07-11,12,5.6295
F2D18714-7620-42,BC85BFB0-8B7,2018-04-14,33920.92,28132.59,FINANCIAMENTO_VEICULO,ATIVO,2026-10-03,39,4.8699
2CA265E3-4DFC-4E,07AC27D3-027,2021-07-24,55906.89,9217.26,CARTAO_CREDITO,ATIVO,2024-09-23,27,4.789
DC0E0727-E957-43,7EC22BA4-661,2021-08-10,2237.45,1853.85,CREDITO_PESSOAL,ATIVO,2025-08-10,58,1.5992
A42A5BC8-A1FD-4D,6A75DA25-87B,2024-04-23,23749.37,10411.61,CARTAO_CREDITO,RENEGOCIADO,2030-05-11,8,7.3989
5ABE8D74-6526-48,73D2D8BA-333,2024-02-13,76336.54,3089.68,CARTAO_CREDITO,ATIVO,2029-05-05,60,5.2005
B2629501-B0DB-49,82B3BD21-117,2022-05-04,38912.45,30680.58,FINANCIAMENTO_VEICULO,ENCERRADO,2029-07-02,40,2.7253
1CD637C1-8A19-42,F8D91D47-F10,2023-05-17,98023.04,71772.69,CHEQUE_ESPECIAL,RENEGOCIADO,2030-01-06,57,3.573
96798A98-E099-42,E872870E-F7A,2019-12-16,14868.54,10893.54,FINANCIAMENTO_VEICULO,EM_ATRASO,2025-10-18,24,6.498
1D02AC8A-D47F-44,C576C4CC-3E3,2018-06-24,43457.79,14985.82,FINANCIAMENTO_VEICULO,RENEGOCIADO,2030-01-26,55,2.5478
E4116646-D867-46,79B74988-49F,2021-12-16,40521.98,39150.54,CHEQUE_ESPECIAL,RENEGOCIADO,2028-09-20,57,4.0165
FA6B5ACA-091C-4A,821DEE12-711,2022-05-11,73478.2,37508.92,FINANCIAMENTO_VEICULO,EM_ATRASO,2027-10-15,21,5.9234
3F98876E-1D69-44,00B8CB22-337,2020-10-04,13744.91,8376.52,CHEQUE_ESPECIAL,ENCERRADO,2030-05-17,13,8.0996
9722D675-D321-47,C15F952C-91A,2022-01-28,73066.03,65886.9,FINANCIAMENTO_VEICULO,RENEGOCIADO,2028-03-15,42,3.1631
6552A3C8-69EC-43,436DF582-9E7,2024-02-02,39586.54,21407.11,FINANCIAMENTO_VEICULO,EM_ATRASO,2030-12-29,27,1.1918
FEB5DE13-B8F3-42,479DBD84-9E0,2019-10-04,22109.22,14027.13,FINANCIAMENTO_VEICULO,RENEGOCIADO,2026-01-08,29,0.9835
A143710A-AD58-46,10972A00-B57,2019-12-07,21042.1,13730.01,CREDITO_PESSOAL,ENCERRADO,2028-07-04,37,6.8203
A28AC449-4C06-4A,8259C79F-1A2,2023-04-04,20182.07,9545.78,CHEQUE_ESPECIAL,ENCERRADO,2029-06-16,21,5.4998
3FFAC4D5-6350-4D,9A04CF29-E29,2018-05-25,76457.57,46652.6,CARTAO_CREDITO,ATIVO,2024-12-17,2,0.8667
DA2938BD-B9FD-46,CB72AA43-12A,2019-01-04,86293.8,5235.07,CREDITO_PESSOAL,EM_ATRASO,2026-04-11,48,1.9596
29BB9167-5124-47,89654588-6F7,2022-01-26,21694.68,20973.99,CONSIGNADO,EM_ATRASO,2030-07-17,58,7.1776
044F3B27-ABB8-4C,529071B6-4AA,2021-04-01,47771.19,38653.76,CREDITO_PESSOAL,ATIVO,2030-04-20,11,7.7363
39545A68-0465-4C,5F319213-9D7,2023-12-21,15625.68,7460.7,CONSIGNADO,RENEGOCIADO,2025-10-10,36,5.0529
0B52AECE-9F52-46,CD22A710-810,2020-10-18,47221.98,53398.54,CARTAO_CREDITO,ENCERRADO,2028-12-27,7,6.6187
F8A2C139-0F76-4F,045D3249-34D,2022-04-03,13992.07,6129.81,FINANCIAMENTO_VEICULO,ENCERRADO,2024-03-22,38,6.0985
D7B7888B-DF79-4E,668F2460-A09,2024-05-31,81886.19,87666.0,CHEQUE_ESPECIAL,RENEGOCIADO,2024-03-22,32,8.0889
2FE86539-8F9D-47,9B41464E-7FB,2018-12-15,56894.91,57944.3,CREDITO_PESSOAL,ATIVO,2025-12-26,9,5.605
B5007AAA-CED2-40,8D437509-348,2019-03-31,67898.63,71584.07,CHEQUE_ESPECIAL,EM_ATRASO,2027-04-12,46,6.9044
FC68E425-611D-46,DC340A60-19F,2023-07-20,78764.44,32129.48,CARTAO_CREDITO,RENEGOCIADO,2025-11-23,24,7.3546
F7D79C42-FC22-4B,0383A464-2D4,2023-11-02,19606.3,6318.77,CARTAO_CREDITO,RENEGOCIADO,2027-07-28,58,2.085
C03C8759-C170-42,9DD7578A-E4F,2020-12-13,65115.81,52456.78,FINANCIAMENTO_VEICULO,RENEGOCIADO,2027-10-14,3,2.9008
E03DA55B-284E-40,B08F1CF0-324,2018-11-25,99512.12,75151.29,CREDITO_PESSOAL,ATIVO,2025-06-19,56,8.3325
3C149CD4-530A-4A,C38B3C3D-483,2018-03-20,62604.88,52890.95,CREDITO_PESSOAL,RENEGOCIADO,2026-03-28,58,4.4199
8A64E196-9AC5-48,33201CE8-261,2021-01-12,39145.51,31300.03,FINANCIAMENTO_VEICULO,EM_ATRASO,2028-02-11,52,4.7469
D1011ACA-5886-4D,C276E3EE-80E,2021-11-02,99368.48,48510.83,CHEQUE_ESPECIAL,EM_ATRASO,2026-12-07,36,2.2854
540A3D47-E7EC-4D,4C7222CE-E0F,2023-01-17,28523.29,2732.59,CARTAO_CREDITO,EM_ATRASO,2029-09-15,58,1.6741
91FA8648-9992-40,E6B63C68-133,2019-03-15,81170.13,75257.75,CHEQUE_ESPECIAL,ATIVO,2025-12-26,24,1.3002
32C5C949-B7F7-4A,4A29E897-D4E,2018-12-24,57404.93,15642.1,CARTAO_CREDITO,ATIVO,2024-02-25,48,7.0138
2694E8FD-CD2A-42,A391A3C8-C72,2019-10-02,87080.88,61834.37,CONSIGNADO,RENEGOCIADO,2027-09-17,51,5.92
3F3460D6-AA65-4E,B1F1A80D-636,2019-07-23,61450.24,3969.16,CHEQUE_ESPECIAL,ATIVO,2026-01-30,6,6.3306
24E7E435-91B0-48,58CDA718-A17,2020-08-12,9612.8,4786.36,CHEQUE_ESPECIAL,ATIVO,2024-11-21,25,3.2671
CFFAE6A4-C97A-45,66479C47-6DA,2020-03-19,53168.68,29107.23,FINANCIAMENTO_VEICULO,ENCERRADO,2029-04-05,19,6.433
6278E4C6-92F4-4F,B9C48B6E-FC5,2022-12-18,59385.3,58793.45,CHEQUE_ESPECIAL,ATIVO,2024-11-21,12,8.3013
8D8B305D-DE16-47,41703ABC-F7B,2020-02-15,26694.53,26958.89,CARTAO_CREDITO,ATIVO,2026-02-09,12,7.3343
6E0F4D58-A50F-4F,75F83F76-980,2022-06-05,75750.48,19837.0,CONSIGNADO,EM_ATRASO,2030-09-29,27,4.7012
6F4EFA9B-53A0-43,446C86DD-220,2021-11-13,28897.6,14174.32,CHEQUE_ESPECIAL,ATIVO,2026-10-27,19,6.6081
E5A1A374-634C-45,E3B8D1D4-EC9,2021-11-10,6933.01,500.57,CARTAO_CREDITO,RENEGOCIADO,2024-11-23,44,6.6861
F5912ABD-51FC-4D,89654588-6F7,2018-12-28,71752.92,990.1,CREDITO_PESSOAL,EM_ATRASO,2030-10-16,44,8.1866
1CADE027-4D7F-40,029E569D-715,2021-07-30,57135.51,47777.93,FINANCIAMENTO_VEICULO,EM_ATRASO,2029-05-21,24,4.6477
7134BF9F-5910-48,6433431E-8AE,2020-02-19,76459.54,27563.35,CHEQUE_ESPECIAL,ENCERRADO,2024-06-23,45,3.5173
63B12A09-5383-45,6DCF2290-9CC,2022-07-10,46762.01,24825.31,FINANCIAMENTO_VEICULO,RENEGOCIADO,2029-01-26,10,1.894
1B48AF29-4318-4C,06DE2033-293,2018-04-11,75179.93,36277.08,CHEQUE_ESPECIAL,EM_ATRASO,2028-04-11,56,5.6679
6D0DF12C-71D7-49,BB477938-2AD,2019-12-09,40242.12,645.59,CHEQUE_ESPECIAL,ENCERRADO,2026-06-07,7,0.9262
377C523E-EE91-4F,CDF6F885-9BF,2020-03-21,47492.68,14795.09,CARTAO_CREDITO,RENEGOCIADO,2028-05-25,11,3.1371
A4728292-9BD4-4C,D079C76F-232,2020-07-21,95541.98,60356.54,CHEQUE_ESPECIAL,RENEGOCIADO,2030-10-21,47,4.6434
CA9D6AB7-9539-4D,7482C06C-7AD,2023-06-20,43793.2,42888.29,CARTAO_CREDITO,EM_ATRASO,2025-03-10,5,8.1377
FC50D030-9F3D-45,3D9981D3-89B,2019-08-03,70749.4,49453.14,CHEQUE_ESPECIAL,RENEGOCIADO,2026-06-05,27,4.5769
0693C8A3-2D5D-45,C2C9E731-2D3,2021-10-18,95707.24,69505.94,CREDITO_PESSOAL,RENEGOCIADO,2030-11-10,8,5.4132
71688A4D-FB53-4F,39F27A0C-AD2,2022-03-10,53198.85,20867.88,CHEQUE_ESPECIAL,EM_ATRASO,2030-05-04,31,1.2861
FC496B93-913C-4F,63BDB60F-B26,2020-05-07,44984.28,21572.24,CREDITO_PESSOAL,ENCERRADO,2027-07-04,41,7.8512
047B92BA-19EF-48,182A16BC-855,2024-03-23,97266.52,88009.38,CREDITO_PESSOAL,EM_ATRASO,2026-03-07,58,1.7789
25F59871-F3AD-4C,6D5D767B-255,2020-07-26,32522.36,23662.75,CONSIGNADO,ENCERRADO,2026-10-17,32,5.1374
0F20DE4D-8BB0-44,EA2C1811-3BE,2019-01-27,89110.43,32122.44,FINANCIAMENTO_VEICULO,ENCERRADO,2030-12-29,21,1.4261
48F7D63E-836D-43,A0C819D7-B8B,2020-12-25,49348.58,34198.06,CARTAO_CREDITO,RENEGOCIADO,2028-05-14,50,2.2875
F94F41F3-89A7-4E,0C7B9E62-F23,2022-01-30,77109.6,63129.15,CARTAO_CREDITO,RENEGOCIADO,2026-10-07,15,5.6746
DE354651-BA28-49,7389EB34-21E,2023-05-31,33057.83,31357.41,CONSIGNADO,ENCERRADO,2027-01-22,21,4.5322
7BA7DAF0-CCA9-45,1F9BA5A9-B96,2020-03-30,31759.74,32258.23,CHEQUE_ESPECIAL,ATIVO,2027-04-25,47,1.2663
066A90BC-94F4-44,A1984E5A-EF2,2023-08-27,88534.78,53300.37,CREDITO_PESSOAL,ENCERRADO,2028-03-20,28,6.195
1771A7DE-CCF2-48,A4F4B2C2-ADC,2020-04-16,85343.75,29264.68,CHEQUE_ESPECIAL,EM_ATRASO,2024-04-13,2,5.8176
40CE56F6-DC5D-40,A391A3C8-C72,2023-03-20,76356.18,6911.47,CHEQUE_ESPECIAL,RENEGOCIADO,2028-04-13,36,2.0087
C64861F9-7050-46,6433431E-8AE,2021-01-25,44691.86,16142.7,FINANCIAMENTO_VEICULO,EM_ATRASO,2026-03-21,46,5.4704
46901040-F0A5-49,3DF0D0F4-B3B,2021-08-15,28833.9,19447.09,CARTAO_CREDITO,ATIVO,2024-08-02,56,3.3143
715CF80B-9F64-4C,CB72AA43-12A,2022-03-17,47971.6,7820.13,CONSIGNADO,ATIVO,2028-11-13,42,3.2939
29C8C3A0-0C33-49,51E5BACC-3AF,2018-05-22,18210.84,12839.45,CREDITO_PESSOAL,EM_ATRASO,2030-05-05,49,5.1777
CEF95761-FC3A-48,2773C0F9-62F,2019-06-25,88384.33,5677.64,FINANCIAMENTO_VEICULO,ATIVO,2024-10-05,9,1.9671
3FB0B6D3-CC99-4E,0E4BE452-89C,2020-08-20,52516.67,56777.94,CARTAO_CREDITO,EM_ATRASO,2028-01-02,22,1.4249
39DFD396-09FE-4B,8259C79F-1A2,2022-06-29,34685.52,2775.29,CONSIGNADO,ATIVO,2029-11-19,27,5.742
CC4DE259-81D1-4D,BC85BFB0-8B7,2019-01-02,39901.02,7111.62,CHEQUE_ESPECIAL,RENEGOCIADO,2025-10-13,8,6.6733
06861DD4-E9D9-4B,C3847209-AF5,2018-08-20,86932.17,22733.25,CONSIGNADO,ATIVO,2024-08-02,42,7.2903
812AE621-CD33-4C,01DF65B6-0B7,2020-06-16,22939.23,1118.38,CHEQUE_ESPECIAL,ENCERRADO,2025-07-17,33,3.2598
4CACD39D-28D1-49,CB72AA43-12A,2022-06-10,39058.76,28492.59,CARTAO_CREDITO,EM_ATRASO,2029-07-09,2,5.9562
79024A1A-CB89-4B,45A12187-376,2018-06-14,69863.91,44191.42,CHEQUE_ESPECIAL,ATIVO,2026-05-05,15,5.2871
3F2C87CB-E760-46,251D7C93-0F6,2022-02-16,1211.66,977.93,CONSIGNADO,ENCERRADO,2028-06-14,14,1.9724
D47255A5-488B-40,66479C47-6DA,2021-02-26,1231.32,888.81,CREDITO_PESSOAL,EM_ATRASO,2029-09-23,25,2.0309
152DF23A-346B-4C,8259C79F-1A2,2021-10-02,20557.8,14364.99,CHEQUE_ESPECIAL,EM_ATRASO,2026-12-02,26,1.7176
3C258DCC-C197-4A,7482C06C-7AD,2023-09-28,28895.48,957.6,FINANCIAMENTO_VEICULO,ENCERRADO,2026-01-27,8,1.1208
57CE287B-7ECE-41,CDF6F885-9BF,2020-04-22,80561.26,68818.28,CHEQUE_ESPECIAL,EM_ATRASO,2026-05-27,57,5.3681
C0B32B98-FC4A-43,0A7B6D91-5CC,2020-07-30,30685.38,16365.95,CONSIGNADO,EM_ATRASO,2026-06-07,33,0.9834
748E1657-80DC-47,C9134A68-233,2021-09-29,1729.85,1650.32,CHEQUE_ESPECIAL,RENEGOCIADO,2028-05-10,47,3.3207
D4DD2E44-4022-4B,10131FA3-0C6,2019-11-08,98430.83,68122.49,FINANCIAMENTO_VEICULO,RENEGOCIADO,2030-04-16,39,2.9971
87B6C6D6-FAB9-47,2C99A21F-284,2020-10-14,98684.73,97299.48,CARTAO_CREDITO,ATIVO,2024-01-02,55,1.0402
00273392-7E2A-4B,7D6F8C63-2A9,2021-01-28,5477.79,70.63,CARTAO_CREDITO,EM_ATRASO,2028-12-27,25,6.4114
F02C4EC8-AC6D-4F,DD0DE77B-ABF,2022-02-16,96140.24,10750.17,CHEQUE_ESPECIAL,ENCERRADO,2028-09-29,48,7.5486
DB0D9637-44FA-47,9669D6BD-A97,2018-04-02,8071.9,3875.4,CREDITO_PESSOAL,ATIVO,2025-05-06,20,1.8922
0A907BAA-5A7A-43,FE550B83-AD5,2020-04-18,45964.3,49277.52,CARTAO_CREDITO,ATIVO,2029-05-05,12,0.9104
6EEE771F-F81A-4C,E6B63C68-133,2024-04-02,9066.48,2448.16,CREDITO_PESSOAL,EM_ATRASO,2024-04-02,45,5.1369
3C4C0407-D100-45,B9B37118-175,2020-06-01,6796.74,5407.29,CARTAO_CREDITO,RENEGOCIADO,2028-03-25,2,1.0861
DD0450BD-C4C2-4A,BCA7F814-27F,2019-12-18,43532.51,23314.13,CARTAO_CREDITO,ATIVO,2024-09-15,50,7.5481
460EC737-93CF-48,C92B935C-F92,2020-04-10,71135.22,58807.59,CREDITO_PESSOAL,ATIVO,2027-01-18,56,2.2481
D1778697-5225-47,6D3E1A00-5F9,2018-06-30,69122.68,64415.91,CONSIGNADO,RENEGOCIADO,2030-04-08,45,4.5617
D2FAC8B7-1A01-4F,5BA44431-B26,2018-07-13,23536.33,22964.99,CREDITO_PESSOAL,EM_ATRASO,2024-12-28,39,3.6282
46478C3D-A513-45,6BE182F1-C21,2022-03-09,82161.06,51455.78,CREDITO_PESSOAL,ENCERRADO,2027-08-06,48,5.7227
42AE4E56-6650-4F,9BDE1FEC-A19,2022-03-05,40996.66,27354.76,FINANCIAMENTO_VEICULO,EM_ATRASO,2027-04-12,10,7.0696
D1D3A82D-2D46-4A,1278C6CB-749,2024-01-31,75290.09,42816.52,FINANCIAMENTO_VEICULO,EM_ATRASO,2028-11-03,6,5.4366
594E885D-C40C-41,4607B586-BAC,2022-01-09,88534.85,33884.47,FINANCIAMENTO_VEICULO,RENEGOCIADO,2030-01-17,56,6.0386
0A3A5D51-EB43-49,597E2C68-20D,2019-08-18,89029.22,35164.03,CONSIGNADO,EM_ATRASO,2030-01-21,41,7.2065
51044B28-453A-4A,6DCF2290-9CC,2019-07-26,16363.08,15030.24,CHEQUE_ESPECIAL,RENEGOCIADO,2024-11-30,53,4.0261
7A1B27CA-BCB1-4E,436DF582-9E7,2018-06-21,11632.06,6706.94,CONSIGNADO,ATIVO,2030-06-15,1,2.7613
EDD19A35-9094-47,1DB436CD-B3C,2020-07-17,55269.63,59892.01,CREDITO_PESSOAL,RENEGOCIADO,2025-04-23,21,6.4353
B1E32032-83AF-48,2C4DCABE-874,2022-06-06,79792.84,50326.81,CONSIGNADO,RENEGOCIADO,2026-06-16,37,3.5037
5A54F4C8-D6E3-4D,57C3B5B0-C1B,2019-03-12,41095.85,35519.16,CHEQUE_ESPECIAL,RENEGOCIADO,2025-09-29,54,6.1434
234F09DB-483D-4C,DD0DE77B-ABF,2023-08-29,75455.23,62147.35,CARTAO_CREDITO,RENEGOCIADO,2025-08-14,59,1.356
1E55765D-5A58-4D,073E4F44-5B2,2022-07-22,95036.0,26430.31,CREDITO_PESSOAL,ENCERRADO,2030-01-28,41,1.5437
ECFF2308-0971-40,DDA20600-4DC,2018-05-08,81542.19,2204.2,CREDITO_PESSOAL,ATIVO,2026-04-28,12,7.173
9042FD64-77FE-40,CBB26255-74F,2023-01-28,68207.91,5257.13,CARTAO_CREDITO,RENEGOCIADO,2028-01-04,43,3.9031
9E35CB89-83DD-49,5DF0EC11-B9B,2022-05-08,69932.94,24144.19,CREDITO_PESSOAL,ENCERRADO,2027-05-29,28,5.5683
1986C3BC-8BF4-41,6BE182F1-C21,2018-06-21,91995.79,67203.16,FINANCIAMENTO_VEICULO,ATIVO,2029-08-09,21,3.5065
88707441-7837-4D,00B8CB22-337,2022-04-21,25950.33,14133.51,CONSIGNADO,ATIVO,2028-09-27,45,5.3209
189CD413-88E1-4F,48D261E3-1BC,2023-07-02,88123.26,96185.71,CARTAO_CREDITO,RENEGOCIADO,2024-06-07,32,6.6447
EA5BC383-61C0-47,A6B00B78-67C,2019-01-13,9139.45,2650.26,CARTAO_CREDITO,ENCERRADO,2025-01-20,30,3.7249
99C2E8A5-16E1-4F,BC85BFB0-8B7,2023-04-07,34069.58,23649.4,CARTAO_CREDITO,EM_ATRASO,2027-06-22,36,6.7842
3B23122F-290F-45,B5528161-429,2022-08-09,85536.9,21301.99,CARTAO_CREDITO,ATIVO,2025-06-09,38,7.4429
35E8B871-1A07-4E,7F9A569D-AED,2022-12-26,78193.07,84125.49,CARTAO_CREDITO,ENCERRADO,2029-03-12,18,6.1679
9AE04164-488E-4E,41703ABC-F7B,2018-07-19,39123.72,41616.98,CREDITO_PESSOAL,ATIVO,2029-10-17,32,2.1392
725900A4-66F4-4F,AE9AD274-38F,2018-06-13,45446.73,44609.98,CREDITO_PESSOAL,EM_ATRASO,2028-10-13,8,6.0884
967CEF66-0731-43,D93797BE-03D,2023-05-29,96872.19,8558.05,FINANCIAMENTO_VEICULO,ENCERRADO,2024-01-24,25,6.7732
B84672F7-9E00-43,E89166A6-DCA,2022-03-24,80776.86,84106.6,CARTAO_CREDITO,EM_ATRASO,2026-01-18,15,3.4185
91CD303A-E042-4A,10131FA3-0C6,2020-07-25,68461.8,66570.14,FINANCIAMENTO_VEICULO,ATIVO,2025-02-19,11,1.8719
66F3F618-3339-4C,FBC00D94-3EF,2024-04-24,74165.46,80741.96,CARTAO_CREDITO,RENEGOCIADO,2029-07-25,24,6.9164
D4DE41EA-37B2-40,E8C989C5-8DB,2022-02-17,43282.36,35260.85,CONSIGNADO,ATIVO,2028-09-10,31,1.0582
91B38120-C757-41,B5528161-429,2018-10-02,43910.97,35451.74,CARTAO_CREDITO,ATIVO,2026-12-12,57,8.1047
72676A65-2469-45,F8D0FC46-148,2020-09-23,36085.44,16654.37,CHEQUE_ESPECIAL,ATIVO,2024-04-08,11,1.4651
0589ACF8-D6A2-4B,7EC22BA4-661,2024-02-15,19085.68,4313.26,CREDITO_PESSOAL,EM_ATRASO,2029-05-11,5,8.2757
8277BA3E-5156-48,DC13ABC8-541,2019-04-20,65798.14,44047.81,CONSIGNADO,ATIVO,2026-08-09,13,1.9349
D199449B-708B-44,4AABE495-8F5,2018-02-15,13754.87,11095.98,CREDITO_PESSOAL,ATIVO,2029-09-20,51,0.8937
FB94663C-135D-44,13E2D2BC-551,2023-12-14,52694.03,16112.29,CARTAO_CREDITO,EM_ATRASO,2025-07-15,21,7.8896
DF3AF170-A692-4D,4B514F58-DC6,2020-02-12,86128.28,79359.38,FINANCIAMENTO_VEICULO,RENEGOCIADO,2029-05-14,14,1.5627
F5F4C9A6-F28B-49,D5965D2A-4E0,2024-01-27,39091.83,28474.73,CARTAO_CREDITO,ENCERRADO,2025-06-04,55,4.726
D76CABCD-4026-4C,045D3249-34D,2023-10-04,86187.95,6739.3,CARTAO_CREDITO,ENCERRADO,2026-10-08,41,6.6013
994CF0BE-5E51-4C,12972B84-A69,2020-07-12,84057.21,34966.19,CREDITO_PESSOAL,RENEGOCIADO,2024-09-01,49,4.1254
9B0EFF66-88F8-47,FE4EEB4C-F42,2018-04-24,87131.54,78220.32,CHEQUE_ESPECIAL,EM_ATRASO,2028-05-19,29,5.4696
945B9EE0-13CC-45,B08F1CF0-324,2019-06-06,86760.07,74691.73,FINANCIAMENTO_VEICULO,RENEGOCIADO,2025-10-06,16,5.4121
CE9DFC16-4D2A-4E,30ED5C00-EBE,2022-11-08,29118.95,25888.61,CONSIGNADO,ATIVO,2028-09-05,5,5.125
B8D17CE5-1CB7-40,10972A00-B57,2018-06-13,70595.2,63084.24,CREDITO_PESSOAL,EM_ATRASO,2028-05-29,18,4.3767
DA970D9D-F12A-4B,54E81F22-437,2021-05-28,80777.73,85194.44,CONSIGNADO,EM_ATRASO,2027-06-16,55,8.1034
9884F7C3-44DA-46,964F6BBD-FCE,2024-04-13,51388.28,22816.8,CONSIGNADO,ENCERRADO,2029-04-06,22,1.5006
0EE3E775-EFA3-48,EA2C1811-3BE,2023-10-19,49222.72,19382.51,CONSIGNADO,ATIVO,2026-10-27,41,2.8652
4BA6DDB7-3666-41,458A4337-07B,2023-10-05,27489.49,9134.46,CHEQUE_ESPECIAL,EM_ATRASO,2027-08-20,59,2.6435
5458BF3C-28C0-49,3DF0D0F4-B3B,2020-02-25,19531.02,21839.43,CREDITO_PESSOAL,RENEGOCIADO,2027-02-14,17,5.4028
2DC0E83F-26B5-4F,09900AB6-519,2019-07-25,67133.62,14541.52,CREDITO_PESSOAL,ENCERRADO,2028-01-20,46,4.9794
6FA46260-F590-4D,1278C6CB-749,2023-11-01,32453.68,29783.89,CHEQUE_ESPECIAL,ATIVO,2027-04-08,41,2.7021
24EC5E22-AD30-49,7DADCDB2-543,2021-10-13,60014.06,43717.89,CHEQUE_ESPECIAL,RENEGOCIADO,2028-03-15,16,3.8156
2158EC8E-E679-45,3D9981D3-89B,2023-02-24,71845.62,77044.12,CONSIGNADO,EM_ATRASO,2025-08-22,17,5.4661
D962F02C-4FBA-48,C465D85F-0FF,2024-03-05,25627.3,28484.51,FINANCIAMENTO_VEICULO,ATIVO,2024-09-29,13,7.0523
628D6F0A-0BE6-4E,820D89BC-071,2024-03-05,25853.68,14718.86,CONSIGNADO,EM_ATRASO,2029-09-24,37,4.0378
CCE5BFEF-6803-43,DD0DE77B-ABF,2023-06-29,26937.27,30407.18,CONSIGNADO,ATIVO,2029-05-05,28,3.779
36332CAA-0F7F-40,A9026091-963,2022-01-20,12384.75,2579.38,CARTAO_CREDITO,ATIVO,2024-10-14,18,1.6275
A56E9221-8160-4B,A99E2F66-A1B,2019-01-28,53754.65,7876.96,FINANCIAMENTO_VEICULO,ENCERRADO,2024-06-12,58,5.8843
D5A55563-2584-45,57525B34-910,2021-02-09,6458.05,827.58,CREDITO_PESSOAL,RENEGOCIADO,2026-09-12,15,2.4974
DB120068-05BD-41,BF642100-CBC,2024-03-13,60564.3,52356.96,CREDITO_PESSOAL,ENCERRADO,2025-09-13,2,5.0636
8FA1A312-BFFA-45,B9B37118-175,2022-04-19,32013.42,8094.69,CHEQUE_ESPECIAL,ATIVO,2025-10-18,6,5.1986
796AD795-8EB0-43,1E15C710-97E,2023-06-15,61606.16,69011.15,CARTAO_CREDITO,ATIVO,2026-10-05,55,3.9293
B64BE7F5-B992-40,C33CA94C-318,2019-12-12,24581.44,17232.78,CHEQUE_ESPECIAL,EM_ATRASO,2025-03-15,1,2.6385
95C2FCBA-866C-42,FE550B83-AD5,2022-05-03,31195.18,20794.18,FINANCIAMENTO_VEICULO,ENCERRADO,2026-08-09,7,7.3241
88B41047-885E-48,7D6F8C63-2A9,2019-09-08,41149.19,21017.07,FINANCIAMENTO_VEICULO,RENEGOCIADO,2024-04-04,35,6.6909
A43D5629-85FD-4C,3BED11D3-303,2022-11-24,20910.31,16191.02,CONSIGNADO,EM_ATRASO,2027-08-12,2,4.6425
F0FE1D39-7DF2-46,BB6516BE-F37,2020-04-21,61755.96,59529.77,CREDITO_PESSOAL,ENCERRADO,2024-11-12,39,7.2444
ED8B851D-1B0C-43,DC7BC2B2-FE0,2022-07-13,68486.21,13261.59,CHEQUE_ESPECIAL,ENCERRADO,2027-07-11,23,3.9193
17914C68-B63A-4E,3823D49B-69E,2020-08-03,25252.18,8441.31,FINANCIAMENTO_VEICULO,RENEGOCIADO,2024-04-09,44,8.0015
913D8DBA-714F-4B,4F4A7587-80E,2023-01-27,24785.25,19883.17,CARTAO_CREDITO,RENEGOCIADO,2030-05-30,23,3.5683
5906FA49-BCA3-43,01893DBF-8FC,2022-12-30,2539.17,1273.99,FINANCIAMENTO_VEICULO,ATIVO,2028-11-26,17,3.4814
BEFA1446-E72E-46,6A75DA25-87B,2020-11-30,27277.6,28596.16,FINANCIAMENTO_VEICULO,ENCERRADO,2025-11-21,15,7.3731
F281F8D1-BD6B-4F,9669D6BD-A97,2020-03-12,64678.39,44561.54,CARTAO_CREDITO,RENEGOCIADO,2028-02-02,4,6.6575
67F1B54D-CE8C-45,CEEBCAD3-4C5,2019-01-14,9452.26,9955.38,CONSIGNADO,ATIVO,2026-10-22,6,4.8445
AD77FE42-1D1B-47,B56477DC-092,2019-08-04,25886.96,4436.6,FINANCIAMENTO_VEICULO,EM_ATRASO,2026-01-31,15,3.9529
ABFD2C6B-25EC-40,029E569D-715,2019-01-13,17079.57,1311.64,CONSIGNADO,ATIVO,2030-06-03,42,6.8299
38A7B72A-01B9-4A,EF7BA63E-0C8,2019-12-22,87246.87,86970.13,CREDITO_PESSOAL,RENEGOCIADO,2028-09-29,58,2.093
C1F09614-315B-47,A9467F92-980,2018-11-12,2209.59,2442.8,CARTAO_CREDITO,ATIVO,2027-01-07,53,6.8302
4A38AE91-AFA2-45,2B83ED62-FA4,2024-03-16,53628.36,48046.62,CREDITO_PESSOAL,ENCERRADO,2025-09-17,35,7.9776
826CBFD2-6B04-46,0FF17E43-988,2019-12-05,24941.83,250.88,CREDITO_PESSOAL,ATIVO,2029-08-13,33,7.6903
9766243B-1CBB-42,1EC82945-643,2023-04-06,39683.66,7621.3,CHEQUE_ESPECIAL,ENCERRADO,2026-09-17,56,5.4891
6A81A39A-BE9B-48,D191B194-274,2023-03-10,37035.49,33355.31,CHEQUE_ESPECIAL,RENEGOCIADO,2025-12-18,46,1.646
2DABB39A-4BBD-47,702E73DA-B60,2018-06-23,25197.37,18549.21,CARTAO_CREDITO,RENEGOCIADO,2025-07-10,1,3.0115
FF904952-75FC-43,FA8269D0-003,2022-06-06,53124.86,29933.2,CONSIGNADO,RENEGOCIADO,2029-11-20,30,8.2082
2E728E5F-6AFA-42,E7C2AB21-D54,2022-07-18,94356.89,38405.69,CREDITO_PESSOAL,RENEGOCIADO,2025-11-14,33,7.406
CB4837B9-BA24-4A,90E52B7A-902,2018-10-28,13060.86,546.98,CONSIGNADO,EM_ATRASO,2027-05-07,8,5.4538
7B08C3CE-DABA-42,0FF581E6-A5B,2022-03-11,41535.09,17957.11,CARTAO_CREDITO,EM_ATRASO,2029-06-18,13,6.5774
A2E73CC6-891E-44,6FCCB22F-717,2019-08-26,21949.26,19564.1,FINANCIAMENTO_VEICULO,ENCERRADO,2027-05-21,26,2.6826
66206F05-B39C-43,FBC00D94-3EF,2022-12-04,2129.62,556.11,CREDITO_PESSOAL,RENEGOCIADO,2028-06-23,30,6.2893
9D6D4F26-06B3-44,D81F3327-3BB,2019-06-19,37470.93,8820.52,FINANCIAMENTO_VEICULO,ATIVO,2026-10-02,10,7.7072
FE29CDA3-95F5-46,045D3249-34D,2018-08-06,92313.3,31361.67,CREDITO_PESSOAL,RENEGOCIADO,2028-05-02,57,5.8314
8C0AA477-BE64-48,EB9A7AC9-75D,2021-12-24,43621.54,30010.4,CONSIGNADO,RENEGOCIADO,2024-06-14,60,8.3565
2CF59C09-5959-43,D33A60EE-459,2021-09-19,84793.87,6607.05,CHEQUE_ESPECIAL,EM_ATRASO,2029-09-06,11,0.8851
85ADB87F-1951-4A,E0F8B7AF-228,2024-04-19,10579.62,9056.03,CREDITO_PESSOAL,ATIVO,2024-04-11,33,2.4839
795FD451-E658-46,BF642100-CBC,2022-07-11,52348.56,1453.24,CREDITO_PESSOAL,RENEGOCIADO,2027-11-22,40,3.3144
564311B9-9D8A-48,34B457D0-EB5,2019-05-21,37112.77,34195.99,FINANCIAMENTO_VEICULO,RENEGOCIADO,2028-11-10,49,4.7576
B05EB217-046A-47,CBB26255-74F,2024-05-08,66798.84,42095.84,CONSIGNADO,ATIVO,2025-09-20,60,7.1503
FC6F094B-8C9C-47,4FD6A62B-D0B,2020-12-30,33350.13,27394.19,CHEQUE_ESPECIAL,ENCERRADO,2026-03-15,6,5.5499
8AEE070C-E928-45,5990BE8E-868,2018-06-30,27938.1,7075.97,CREDITO_PESSOAL,ATIVO,2025-06-28,13,4.0215
F032F3AC-28D4-49,F7B285CA-E62,2019-09-14,19769.59,18176.01,FINANCIAMENTO_VEICULO,EM_ATRASO,2026-05-12,1,8.4309
0DF19947-7D0A-44,E0F8B7AF-228,2023-05-31,16757.45,721.91,CARTAO_CREDITO,ENCERRADO,2029-04-02,59,8.3552
67AD77AA-F546-4B,EDF4F19A-CEE,2018-11-24,92519.77,52505.39,FINANCIAMENTO_VEICULO,EM_ATRASO,2030-12-01,47,8.3418
8A06D37D-1D31-4E,A28617A8-E49,2020-11-23,85134.09,93563.96,CONSIGNADO,EM_ATRASO,2027-08-30,34,1.9981
A8E6C4B5-9F5A-45,8259C79F-1A2,2023-11-01,68354.75,56327.64,CREDITO_PESSOAL,ENCERRADO,2026-07-15,53,0.9711
1D4BDB1C-BBF9-48,820D89BC-071,2023-09-16,48597.9,18339.71,CREDITO_PESSOAL,RENEGOCIADO,2028-07-15,4,8.1312
E98FFD7B-3585-41,458A4337-07B,2019-03-13,30384.08,30159.08,CHEQUE_ESPECIAL,ENCERRADO,2026-06-15,57,8.1626
F6BF189F-6E3A-4D,7389EB34-21E,2019-02-08,46702.58,8231.19,CONSIGNADO,EM_ATRASO,2028-08-17,48,3.8789
E9D495B1-C007-46,085B00AD-384,2020-09-20,56874.0,19561.65,CHEQUE_ESPECIAL,RENEGOCIADO,2024-09-28,50,3.2175
B9C9E189-618D-4C,A0C819D7-B8B,2022-11-06,88986.0,44579.04,CHEQUE_ESPECIAL,RENEGOCIADO,2029-04-22,2,3.3702
0A039E40-E0A2-4E,789BC4A6-588,2023-06-16,37352.82,13230.69,FINANCIAMENTO_VEICULO,RENEGOCIADO,2030-08-07,14,3.9209
369EBA89-9DE3-4E,7EC22BA4-661,2019-11-07,85020.28,28008.89,CREDITO_PESSOAL,ENCERRADO,2030-09-15,21,5.3695
B42D2BA1-3E5B-46,49FFFF3C-3E4,2018-12-04,85393.26,9885.02,CARTAO_CREDITO,ENCERRADO,2030-01-22,28,4.5934
C49B16C8-BD30-40,AA9E6BE7-F45,2019-09-15,9685.35,10804.68,CARTAO_CREDITO,ATIVO,2029-04-14,12,1.0517
01CADA75-8EDB-41,510BE80E-44A,2022-01-03,29496.59,28615.14,CONSIGNADO,ATIVO,2024-06-14,11,7.6752
7BB78521-799C-4E,B08F1CF0-324,2018-12-04,33349.1,1493.49,CARTAO_CREDITO,ATIVO,2026-02-26,51,2.1085
34067656-1103-47,07916402-B03,2019-03-17,39390.98,45004.32,CREDITO_PESSOAL,EM_ATRASO,2030-11-25,54,4.8509
7D162FF7-92D0-4C,9CAAE3CA-B0D,2018-09-24,83264.32,27236.72,FINANCIAMENTO_VEICULO,EM_ATRASO,2025-10-06,42,6.7758
