cd_cliente,nr_cpf_cnpj,nm_cliente,dt_nascimento,cd_segmento,vl_renda_mensal,fl_ativo,dt_cadastro
EA9EC071-B79,90513687475,Sr. Lucas Jesus,1976-09-27,PRIME,1834.55,False,2020-01-12
FBFA762B-211,43602187969,Juan Novais,1971-06-21,PRIVATE,,False,2017-11-05
F14C90FD-94C,35497260152,Yasmin Correia,1983-11-10,PJ_MEDIO,,False,2016-05-15
F4FF7691-0F6,96387140501,Bianca Cavalcante,1952-05-01,PRIME,25384.27,True,2016-09-08
664F5EE3-830,65397018457,Brenda Sampaio,1998-09-21,PRIME,8312.27,False,2019-02-14
F4ACF2AC-88F,06392815759,Lara Moura,1996-01-17,PJ_MEDIO,,True,2017-06-22
15C0D81D-8C7,24587901350,Marcela Ramos,1980-05-27,PJ_MEDIO,9347.35,False,2015-11-30
927AE622-E30,12648370544,Sr. João Felipe Correia,1993-08-06,VAREJO,4063.68,False,2020-08-11
15194AF4-126,47395261828,Ana Julia Sousa,1990-07-17,VAREJO,7286.54,False,2022-11-01
820C3234-890,08349521732,Yasmin Nogueira,1984-04-08,VAREJO,8817.98,False,2017-11-03
CBAD4E99-622,26304917570,Eduarda Sales,1998-07-11,PRIME,17893.46,False,2019-04-27
09C519D3-94A,54731260817,Sra. Ana Carolina Cunha,2000-02-12,PRIVATE,60850.25,False,2023-07-27
E02380E9-238,10729384640,Vitor Campos,1986-03-21,PJ_PEQUENO,69455.05,False,2015-09-06
E7643862-222,26894513015,Raquel Fogaça,1950-11-04,PJ_PEQUENO,19118.59,False,2022-05-11
D6356890-E8F,41297058658,Sra. Sara Cassiano,1990-10-28,PRIME,51665.64,False,2023-07-12
845B0432-316,20843179597,Levi Aparecida,1971-03-16,VAREJO,19225.17,False,2021-07-04
0981D2F0-075,24589367173,Emanuel da Mota,1987-09-13,PJ_PEQUENO,73124.1,False,2017-12-17
5A240E4A-304,61857304217,Raul Correia,1980-07-12,VAREJO,25222.28,False,2020-12-24
7DAC69ED-C92,01748253662,Thiago Almeida,1953-11-16,PJ_MEDIO,56521.4,False,2023-02-19
AF3BDE8C-95C,02418675335,Caio da Mota,1969-06-27,VAREJO,8779.28,False,2019-05-05
239F4776-C01,15924038670,Vitor Hugo Fernandes,1951-10-03,PRIVATE,14232.54,True,2020-02-07
00CA977D-9B5,54126930833,Carlos Eduardo Albuquerque,1982-04-15,PJ_MEDIO,64515.58,False,2024-04-30
41B9FFE1-EF8,32065914815,Gustavo Henrique Vasconcelos,1960-07-12,VAREJO,5521.16,False,2019-05-26
088F77A1-AB0,09643758184,Francisco Andrade,1977-07-07,PJ_PEQUENO,24259.51,False,2019-09-10
6191C069-AE8,56291738473,Camila Santos,1980-08-18,PJ_PEQUENO,41671.28,False,2016-09-13
12A71D69-108,87516329002,Zoe Pires,1964-12-06,PJ_PEQUENO,24739.4,False,2018-01-04
6106D118-E99,47815062326,Eduarda Gomes,1952-03-21,PRIME,49295.12,False,2022-09-07
A81245CC-DBF,06519478393,Vitória Mendes,1984-02-11,PJ_MEDIO,59718.97,True,2019-11-13
52C9F2DA-272,83654902774,Heloisa Camargo,1983-12-31,PJ_MEDIO,73890.26,False,2015-10-05
5DB4517E-FC9,31867059240,Ana Beatriz Monteiro,1969-08-08,PJ_MEDIO,74621.81,False,2015-05-19
F097D4B6-F8A,65210894711,Yasmin Siqueira,1989-09-24,PJ_PEQUENO,35964.08,False,2020-04-02
3A0A1A73-862,48702956365,Rodrigo da Costa,1953-09-01,PRIME,12828.73,True,2020-07-28
3D941787-5E1,38672940547,Bento Barros,1992-01-10,PJ_MEDIO,70528.33,False,2015-10-13
4AB18F85-8A5,49853702665,Théo Melo,1957-08-30,VAREJO,61104.22,False,2016-05-19
11378164-9FC,32089417650,Clarice Castro,1961-08-31,PJ_MEDIO,15032.71,True,2019-07-25
0DC7F09B-921,73412095850,Laura Jesus,1998-05-31,PRIME,17334.72,True,2017-02-27
F55D1950-131,98756034148,Luan Sales,1971-09-13,VAREJO,18430.5,True,2017-10-30
F50BA312-A7E,05734926116,Maria Laura Porto,1975-02-11,PJ_PEQUENO,63318.6,True,2024-05-11
9C6B3031-49D,85924673146,Caleb Fogaça,1983-11-25,PJ_MEDIO,57055.86,True,2019-06-22
0A5F3237-3DF,64901572334,Diego Cavalcante,1980-11-04,PRIME,,False,2018-08-16
A1B06F81-A72,95864317039,Maria Júlia Sampaio,1962-08-12,PJ_MEDIO,8592.0,False,2017-09-20
41BB6986-2E8,10236958470,Alexia Abreu,1993-04-12,VAREJO,,False,2017-11-05
4A735390-88F,54062391716,Jade Siqueira,1997-08-23,PJ_MEDIO,24050.57,False,2023-09-30
9A5BBCC7-027,52813460753,Stella Pimenta,1980-07-24,PRIME,10641.16,True,2017-11-14
4E1DC472-738,86473215026,Julia Siqueira,1964-12-16,PRIVATE,77102.22,True,2020-12-08
A99087F7-E2D,60152734880,Aylla Câmara,1950-07-31,PRIVATE,77992.48,False,2023-07-11
C387608B-4A5,54938260115,Laura da Paz,1977-02-26,PRIME,27642.18,True,2020-05-18
B4ED5B05-AFA,53906718484,Gael Henrique Garcia,1999-12-26,PJ_PEQUENO,51547.02,False,2021-02-07
C734BE58-743,98350674229,Lorena Viana,1985-08-10,VAREJO,4800.39,True,2016-11-22
6764AF44-342,05894217601,Antony Vasconcelos,1960-12-22,PRIME,73488.67,True,2016-01-17
0433E275-D25,58631207462,Dr. Ravy Ramos,1979-04-02,PJ_MEDIO,,True,2021-08-21
A508777E-65A,20638457947,Ana Vitória Caldeira,1961-10-26,PJ_MEDIO,45920.03,False,2016-10-15
A0D55314-E3C,64871523900,Esther Silveira,1996-08-06,PJ_PEQUENO,,True,2017-10-27
E87C6A65-41B,90526371480,Thiago Ribeiro,1964-02-18,PRIVATE,64080.48,True,2021-06-18
1C521EA5-E36,36125084906,João Miguel Moura,1960-02-24,PJ_PEQUENO,25812.2,True,2019-10-16
5ECCA3B9-DA6,27194380650,Ana Sophia Vasconcelos,1950-10-01,PRIME,61178.97,True,2020-04-13
635B5BB6-FE2,50963128795,Danilo das Neves,1950-05-28,VAREJO,7668.6,True,2017-01-02
F118BF81-538,63527098429,Maria Liz Aragão,1997-04-15,PJ_PEQUENO,28070.32,True,2016-09-06
52EE4CF6-FEC,74932650892,Caleb Mendes,1951-11-26,PRIME,58853.87,True,2015-12-03
99C99FC7-5D4,74598316039,Valentim Câmara,1993-11-17,PRIVATE,30276.06,False,2015-10-01
206C5748-D06,90243815760,Maria Luiza Gomes,1985-09-27,PRIVATE,,True,2022-05-21
0A34DA07-B4F,74619058300,Thiago Rodrigues,1956-02-12,VAREJO,33354.57,True,2020-03-25
FCE18183-BFD,92540763170,Calebe Sales,1978-09-01,VAREJO,29407.67,False,2022-08-21
9BB812E4-942,15423980615,Otto Mendonça,1990-02-17,PRIVATE,14908.6,True,2017-07-30
520FC6C4-00A,69815372068,Sarah Camargo,1985-09-23,VAREJO,43462.47,False,2018-04-12
F53D2B6A-759,35981647264,Dr. Anthony Gabriel Barros,1998-09-14,PRIME,2551.65,False,2020-09-10
C880E0F1-CB8,93582607429,Dr. Liam Freitas,1994-04-08,PRIME,,True,2019-06-18
6E69056F-63D,14593826764,Ana Cecília Macedo,1997-12-27,VAREJO,5344.49,True,2017-11-29
B445FF18-50F,48751690276,João Gabriel Nascimento,1980-02-09,PJ_PEQUENO,19485.92,False,2020-06-11
6F7E9B42-4B9,87134250644,Igor Almeida,1956-10-09,PRIVATE,28365.9,True,2021-12-18
63649595-865,74563891282,Sr. Luiz Fernando Cunha,1991-04-19,VAREJO,30151.13,True,2021-05-05
E7BDDB1B-F56,29183406506,Maria Cecília Garcia,1988-10-13,PJ_PEQUENO,,True,2021-12-03
1E5D5699-D0B,69347021822,Mariah Pastor,1961-08-02,PRIVATE,,True,2016-05-03
24CEFBA7-6CD,51920834605,Sra. Daniela Cardoso,2000-06-14,PRIME,11416.74,True,2022-11-27
8BC1FD9A-592,70143659839,Marina da Costa,1963-05-28,PJ_MEDIO,,False,2021-06-14
060C9560-755,29401637822,Thiago Pires,1967-09-27,PJ_PEQUENO,41183.39,True,2018-11-08
134268B4-539,93170648500,Mirella Ribeiro,1998-01-17,PRIVATE,65128.5,True,2019-10-25
CBF6311F-798,97051634801,João Gabriel Moreira,1968-12-06,PJ_MEDIO,8037.63,True,2015-03-21
00EC4090-106,70354296116,Sarah Pereira,1991-11-13,PRIVATE,,True,2023-11-17
AED92CD7-1B3,93762845000,Sr. Matteo Martins,1977-10-16,PRIME,,False,2024-04-09
66E09C20-54E,95071624370,Henry Gabriel Aragão,1971-05-17,PJ_MEDIO,13938.43,True,2018-11-17
89831293-882,31457028905,José Pedro Gomes,1957-02-25,PJ_MEDIO,20162.17,True,2016-12-29
BF47235B-FBF,14580793684,Diogo da Mata,1976-12-12,PJ_MEDIO,58617.95,True,2023-07-09
4F6D75E9-16E,54163792007,Pietra Novaes,1988-12-16,PJ_PEQUENO,14990.31,False,2018-05-01
7964C566-E45,09548673274,Sra. Hellena Pires,1967-02-28,PRIVATE,50928.67,False,2018-05-31
9BD39E43-FAB,70419256334,Sr. Henry Costa,1991-06-28,PJ_MEDIO,14436.09,False,2019-01-22
3271E254-02A,20438765974,Ana da Mota,1992-10-02,VAREJO,72464.28,False,2017-07-01
0D7C73B7-D49,31945087684,Mathias Nogueira,1996-07-09,VAREJO,49650.59,True,2023-07-22
CCB4748C-AF4,01524368717,Ana Lívia Monteiro,1970-04-24,PRIVATE,52311.02,False,2016-05-28
C7FE1F43-299,48935627038,Francisco Oliveira,1976-04-15,PJ_PEQUENO,76939.19,True,2023-02-01
20E15EBA-B64,29635741855,Jade Costa,1954-06-22,PJ_MEDIO,2244.48,True,2019-09-13
C7FC4475-26A,86521490389,Aurora Pimenta,1981-10-15,PJ_PEQUENO,39013.76,True,2018-03-25
ED63B44D-7FF,98403157223,Ana Beatriz Aragão,1965-01-20,PJ_PEQUENO,56020.04,True,2016-05-30
0E32623E-6EC,81627054308,Rebeca Sousa,1982-11-01,PRIVATE,73943.16,True,2019-08-17
E00A67F5-5DF,93145607243,Vitória Rezende,1970-09-20,VAREJO,57849.84,False,2024-04-23
85E41543-631,65387109212,Maria Helena Barros,1955-04-06,VAREJO,13142.22,True,2016-03-21
B8BD91D8-EC2,86705439157,Marcelo Moreira,1960-03-13,PJ_PEQUENO,,False,2018-06-26
4EF69336-0AC,08326945765,Srta. Zoe Abreu,1955-11-28,PRIVATE,76860.13,False,2019-09-21
A21144E0-6BA,16742539070,Vitória da Mata,1951-02-22,VAREJO,42453.71,True,2021-11-05
27E5FF4B-A79,25609438160,Sr. Asafe Cardoso,1969-12-26,PRIME,,False,2020-01-11
8A29DECD-CB1,24957106894,Henrique Marques,1977-06-20,PRIME,46653.87,True,2024-05-09
55B43AA7-2C0,94072365874,Benjamim Teixeira,1978-12-25,PJ_MEDIO,55224.76,False,2023-10-31
2E1DE7BD-542,84602579329,Nicolas Nogueira,1992-10-06,VAREJO,21061.91,True,2023-11-09
59E449AE-E4D,64521908730,Otávio Lopes,1965-02-22,PRIME,,True,2023-04-27
53BA18AE-591,06759823400,Dr. Gabriel Carvalho,1977-01-08,PJ_PEQUENO,33110.7,True,2015-06-24
4BE66085-3FA,28134690505,Sr. Danilo Melo,1968-03-12,PRIME,46609.97,True,2019-11-06
9786B61B-785,69473520107,Francisco Rios,1976-12-20,PJ_PEQUENO,6802.96,False,2018-05-18
B9DF4ABC-595,84951230615,Arthur da Cruz,1963-01-25,PJ_PEQUENO,39877.91,False,2018-07-26
6AD2C22E-6CE,68032457135,Joana Nogueira,1973-04-23,VAREJO,,True,2016-05-26
04673BF9-5B9,40196857384,Vicente Sampaio,1985-12-08,PJ_MEDIO,48497.24,True,2023-03-29
1AA71D71-256,38620495747,Sarah Porto,1988-11-01,PJ_PEQUENO,65196.85,False,2021-05-27
F244304F-A07,17540982667,Ravi Lucca da Cunha,1970-02-25,PJ_MEDIO,25503.5,True,2022-09-02
0161E253-A1E,90321574699,Srta. Ester Macedo,1985-11-28,PJ_MEDIO,23258.36,True,2023-04-17
DE806AF9-C27,10752943634,Aylla Pastor,1966-06-09,PRIVATE,41800.66,True,2018-10-01
CCD900A4-250,85729013612,Maya Teixeira,1990-12-21,PRIME,66437.99,True,2017-06-25
99414917-8BF,84132650707,Luiza da Mota,1972-02-04,VAREJO,19746.81,False,2017-10-15
FFEDF3AC-2D9,97630542143,Valentina Peixoto,1968-09-05,VAREJO,78882.18,False,2018-06-24
0720BB4A-05F,75462390874,Rael Jesus,1959-02-07,PRIME,24509.94,False,2017-11-04
ACD15F18-FFF,19576480230,Pietro Freitas,1951-12-11,PJ_MEDIO,30883.19,False,2016-10-06
A1ADE219-CFB,36482190570,Mateus Costa,1954-12-07,PRIME,28727.0,False,2015-10-25
0B70E8E2-D6F,36871540920,Maria Liz Siqueira,1985-11-12,VAREJO,21010.24,True,2018-08-30
18B0E272-120,79145632006,Erick Pastor,1958-08-07,VAREJO,57133.09,False,2018-12-31
0F0AB433-FFA,90143685775,Gabrielly Ramos,1979-02-03,PJ_MEDIO,5749.91,False,2022-02-10
9C117AEB-639,89524367173,Beatriz Moraes,1954-09-11,PRIVATE,13456.54,False,2018-10-28
7351BCF6-ED1,05376289168,Arthur Machado,1985-04-13,PRIVATE,7677.65,True,2019-03-01
CF3F1A70-B4C,79645231043,Srta. Ísis Borges,1983-05-26,VAREJO,,True,2020-06-14
248FFCB2-C89,02869571402,Ana Julia Rodrigues,1996-05-15,VAREJO,67791.72,False,2015-03-29
61C5667B-3DB,32516748035,Dante Leão,1981-05-03,PRIME,49482.37,False,2023-07-19
B0B72BF1-78A,20753196859,Luísa Ribeiro,1956-02-19,PJ_MEDIO,10140.9,False,2023-06-26
CFB5077C-FCA,45238179600,Sr. Ravi Lucca Santos,1978-03-06,PRIVATE,76027.42,False,2019-11-06
65F948D8-D9E,25674809356,Anna Liz Guerra,1970-09-09,PRIME,51096.58,True,2018-02-11
41C9C1CB-766,85763914228,Clarice Silveira,1986-09-30,PRIME,67431.8,False,2016-05-07
8CE02106-D56,38491650270,Dra. Lara Aragão,1986-10-30,PRIME,,False,2023-01-12
7D1AF814-0FE,14687932509,Diego da Paz,1988-10-22,PRIME,11816.73,True,2020-02-20
496E30DD-36F,42305968124,Kevin Rodrigues,1989-02-05,VAREJO,4760.54,True,2015-08-13
B8777777-9B6,27598301603,Aurora Azevedo,1978-03-17,PJ_MEDIO,40826.52,False,2022-06-27
464FD6BE-7CC,56732084992,Danilo da Paz,1987-09-07,PJ_MEDIO,37655.46,True,2018-06-07
74C6DEE7-EA1,75321096406,Otávio Gonçalves,1967-01-12,PRIME,,True,2023-05-11
CEB2EB15-018,14387206535,Giovanna Costela,1953-05-28,VAREJO,7673.81,False,2023-08-01
C7280D09-658,64395081720,Benjamim Barbosa,1987-06-19,VAREJO,,True,2020-06-11
4B239941-5B2,01745928685,Luara da Conceição,1996-01-24,PJ_MEDIO,45245.55,True,2015-06-06
23EBC418-8B8,20853679177,Pietra Moreira,1975-03-20,PJ_PEQUENO,31791.09,True,2021-03-22
59B468C1-DE8,40631529799,Maria Clara Costela,1996-12-02,VAREJO,77400.5,False,2022-12-08
DA3D592E-04E,12765390886,Enzo Fogaça,1998-01-21,PRIVATE,42904.21,False,2019-09-19
4B37BD92-1D3,49652731846,Liz Sousa,1954-02-08,PRIVATE,53375.81,False,2018-09-30
401D5D08-27A,52960384792,Isabella da Costa,1985-11-28,PJ_MEDIO,,False,2020-05-14
C3EC656D-A24,61785034901,Ana Beatriz Rios,1965-10-19,PJ_MEDIO,2444.47,True,2023-01-05
76F2453D-BE1,74953012607,Srta. Stella Teixeira,1993-10-21,PRIME,,True,2022-07-20
8FE274D6-E64,28735049197,Theodoro Pastor,1976-01-20,PJ_PEQUENO,51133.48,False,2017-05-13
158727A5-53D,62807349510,Elisa Santos,1981-07-21,PJ_PEQUENO,,True,2023-02-26
48219581-44A,32146579099,Srta. Antonella Nunes,1952-08-01,PJ_MEDIO,5402.77,False,2021-10-08
340EEF7C-942,86390542747,Heitor Andrade,1989-10-13,PJ_MEDIO,9604.36,False,2018-11-20
66C83639-AF1,81725963400,Thiago Cavalcante,1975-06-26,PJ_MEDIO,17546.93,False,2015-11-22
D8CF1719-807,93176840500,João Pedro Câmara,1973-05-06,PJ_PEQUENO,22179.68,True,2019-11-16
3B7E53E1-12B,39506824142,Calebe Oliveira,1983-12-30,PJ_MEDIO,58272.59,False,2019-03-07
65C9C7FB-4E9,94317865246,Olívia Câmara,1956-02-19,PJ_MEDIO,61384.63,True,2015-12-11
83261AA7-CA5,13706582902,Maria Fernanda Ramos,1988-02-16,PRIVATE,,False,2022-07-02
2F825DAB-641,01879634287,Miguel Rocha,1982-10-14,PJ_PEQUENO,,True,2023-06-02
391AC2A3-AC5,17509342643,Emanuel Barbosa,1958-01-08,PJ_MEDIO,,False,2017-05-08
30A3CD10-7C9,86213954791,Lucca Teixeira,1963-02-24,VAREJO,12074.16,False,2019-10-22
B7EBEB3D-003,74012836544,Benício Lopes,1979-09-21,PRIME,61986.63,False,2020-05-28
64698CFD-B1C,38901257432,Hellena Santos,1971-09-16,VAREJO,9304.6,False,2022-09-17
FDE38676-F17,41053278950,Sophia Moreira,1999-12-28,PJ_PEQUENO,47964.36,True,2024-06-01
74D9E071-19C,49503867274,Maria Luiza Farias,1987-04-18,VAREJO,23728.95,False,2022-07-20
8867FE96-05D,01439852723,Ayla Campos,1963-10-16,VAREJO,12770.82,True,2016-07-21
77986D75-DFF,20943658756,Kevin da Rocha,1983-08-22,PRIVATE,26718.12,True,2018-11-02
F72A1EA5-337,76415320980,Ayla Moreira,1976-07-15,PJ_MEDIO,41321.54,True,2022-06-20
639E189D-0E5,84597023160,Luara Mendonça,2000-07-24,PJ_MEDIO,46090.24,False,2019-07-03
6463E02B-487,08359274150,Srta. Cecília Guerra,1991-02-10,PRIME,41535.15,True,2018-06-23
CDD87201-141,36701824544,Eloá Barros,1983-11-14,VAREJO,,True,2023-12-14
D952C5B9-105,01673254853,Luiz Felipe Silveira,1975-04-23,PRIME,,True,2015-04-23
13F1E3A9-9D5,85372906456,Ravy Barros,1952-09-07,PJ_MEDIO,24347.4,False,2016-10-06
D2BFA830-837,19386572095,Lunna Rocha,1977-07-24,PJ_MEDIO,78894.39,False,2022-10-03
30DB43C4-9B1,14370865271,Sra. Stella Azevedo,1974-12-09,VAREJO,79339.79,False,2018-07-10
2579DCBF-A5C,85309461205,Dr. Fernando da Mata,1974-05-10,PJ_PEQUENO,13479.41,False,2022-10-10
327009FA-5B6,41730269869,Augusto Camargo,1967-06-19,PRIVATE,,False,2016-10-04
882CA5F7-A6A,80941256324,Ana Vitória Fogaça,1963-01-13,PRIVATE,37008.82,False,2022-02-01
2820B528-783,47620189378,Daniel Costa,1986-04-07,VAREJO,14525.79,True,2015-06-03
EA070DE8-B97,97862450167,Dr. Miguel da Cunha,1961-08-19,PRIME,4557.81,False,2023-05-04
F66D4C30-3EA,52698401389,Marina Vargas,1991-12-30,PJ_PEQUENO,15979.5,True,2022-05-24
37F59597-EC4,39157804648,Sra. Ana Liz da Cunha,1983-02-07,PJ_MEDIO,,True,2020-10-16
CC4EE261-582,04827613508,Sra. Olivia da Costa,1964-11-22,PJ_MEDIO,,False,2019-07-07
A041FFB0-85E,50634179810,Yuri Rocha,1988-09-12,VAREJO,64381.49,True,2017-06-09
E841EF28-E15,67310982487,Ravy Moreira,1961-05-27,PJ_PEQUENO,44936.03,False,2020-06-13
E64C6B53-A70,60578291401,Lucca Ramos,1953-01-07,PJ_MEDIO,64273.1,False,2015-12-06
0A42CE6E-5BD,17359820405,Lucas Gabriel Pereira,1979-04-13,PRIME,32186.28,False,2024-04-19
D569E744-947,05627394161,Pedro Henrique da Mota,1999-06-29,PRIVATE,25280.08,True,2016-08-15
67A9BB08-9C0,83641072913,Dr. Rhavi Campos,1964-05-12,PRIVATE,21208.38,False,2017-02-22
3248D7A3-9CD,17408652949,Dr. Isaque Araújo,1956-04-29,PRIME,19924.38,True,2018-05-14
08F83A87-6FC,17823695464,Agatha Ramos,1982-12-04,VAREJO,75527.22,True,2020-12-23
71565DD3-2F5,14683259060,Calebe Rocha,1952-10-31,PRIME,54804.64,True,2017-12-15
456D64AE-CA2,43591826782,Benjamin Peixoto,1960-11-26,PJ_MEDIO,,False,2015-01-27
81CCE3AF-4DF,14532796873,Sr. Henry Gabriel Gonçalves,1984-05-19,VAREJO,22200.0,True,2020-08-15
80D3ED0B-6B0,96325741846,Sra. Maria Helena Porto,2000-12-11,VAREJO,65444.74,True,2023-03-24
7157356F-3F7,54206718911,Ana Laura Sales,1978-04-16,PJ_PEQUENO,71238.68,False,2019-08-04
90C6F8F4-FEA,05486379110,Dra. Clara Macedo,2000-04-04,PJ_MEDIO,24223.08,True,2017-06-21
C5E8810B-573,72401396543,Maria Flor Fernandes,1973-06-28,VAREJO,8819.06,True,2020-10-13
D813A85A-057,16527890303,Srta. Bianca Alves,1959-04-20,VAREJO,25995.96,False,2015-12-18
333036C0-031,53761094299,Eloá Pimenta,1970-10-07,PRIME,51440.2,False,2021-08-02
AD65C243-DD8,38275691419,Nicolas Azevedo,1950-03-14,PRIVATE,36859.22,False,2019-08-24
5137E94E-74A,68543017939,Dra. Laís Carvalho,1950-02-14,PJ_MEDIO,63702.21,False,2020-01-31
71DBDD95-E63,93642075800,Sra. Laís Cunha,1958-12-24,PRIVATE,37513.55,True,2015-10-11
EF67E563-4EA,39426178031,Juan da Mata,1951-12-15,PRIME,22120.08,False,2023-07-22
D9C8DBF8-2B3,37618259003,Luiz Fernando Campos,1984-12-18,PRIVATE,,True,2020-02-18
22DC26CB-536,59370816259,Erick Viana,1979-06-09,PJ_PEQUENO,63558.92,False,2023-02-20
283A7E34-227,23108764969,Ana Clara Borges,1974-01-07,VAREJO,18361.37,False,2017-12-23
96A1983C-09C,65498103298,João Miguel Mendonça,1973-03-04,PJ_MEDIO,36807.54,True,2017-10-08
9F5D99B3-884,74632901822,Henrique Duarte,1959-07-24,PRIME,60201.83,False,2015-12-31
DC20023D-55B,97342156809,Lunna Cirino,1966-09-03,PJ_PEQUENO,7058.46,False,2015-03-11
4428AA27-261,47205936152,Lara Teixeira,1970-02-09,PRIME,,False,2018-12-07
6F08B416-E94,82570419630,Anthony Cardoso,1970-12-21,VAREJO,28793.11,False,2017-09-15
FBD0DAC4-5BB,09723584638,Olívia da Costa,1957-11-10,VAREJO,,False,2022-03-22
AFD8B628-F99,02986354106,Anthony Marques,1979-10-24,PRIVATE,63264.23,True,2018-08-12
E7A4C87E-6B6,82479603113,Rafael Cirino,1970-04-06,PJ_PEQUENO,31997.05,False,2015-03-29
FEE8A50C-C2C,04729156811,Eduarda Fernandes,1955-07-07,PRIVATE,,False,2020-03-15
2F6A40B9-C0F,63157029452,Vitor Gabriel da Cruz,1976-12-10,PJ_MEDIO,62329.45,False,2020-09-14
2FFB32F1-49C,43790856274,Aylla Farias,1972-08-21,PJ_MEDIO,,True,2019-07-19
946B4BF6-647,49065278338,André Pinto,1959-07-23,VAREJO,73826.22,False,2023-12-13
06ABFABE-13A,17038246950,Davi Lucas Azevedo,1992-01-13,VAREJO,36394.49,True,2022-05-02
6C758426-963,70263814904,Gabriel Araújo,1993-02-08,PRIVATE,48248.19,True,2024-02-24
AC34A9D6-059,62708931512,Enzo Nogueira,1953-04-26,PJ_PEQUENO,9606.18,True,2019-12-17
554FA0E0-573,04285193698,Alícia Costa,1959-07-26,PJ_MEDIO,66823.57,True,2018-02-12
932842C9-3A5,17826390559,Luan Cunha,1952-02-14,PRIME,,False,2015-12-19
5EFFBBF5-F5B,85437109601,Léo Aragão,1981-12-31,PRIVATE,36647.5,True,2017-08-09
81E5CCC9-CDA,25487163928,Dr. Luiz Miguel Castro,1970-12-06,PJ_MEDIO,,False,2022-11-12
4FBC092C-C3E,26097435800,Bruno Almeida,1980-09-21,PRIVATE,19461.73,True,2020-05-20
5A592F0E-075,95208431670,Ester Abreu,1952-05-18,PRIME,29775.16,True,2023-06-29
770E4ED7-4ED,72694081576,Emilly Sampaio,1954-12-21,PRIVATE,31701.05,False,2018-11-26
C62F36A9-C69,37169485273,Sr. Ravy Moreira,1969-03-28,PJ_PEQUENO,76643.72,False,2022-04-06
58065359-FE9,24369081505,Pedro Lucas Correia,1990-12-11,PRIME,79564.29,True,2021-05-15
9FCC6988-5AB,47620985158,Caroline Rezende,1977-03-23,PJ_PEQUENO,22934.13,False,2023-01-18
720EF32B-BF8,94516803224,Sabrina Borges,1963-08-29,PRIME,67895.1,False,2018-09-11
BA28E57E-08C,67580142902,Diogo Fernandes,1971-11-09,PJ_MEDIO,69461.9,False,2021-03-16
2A97A380-B05,40731682904,Mathias Gomes,1990-08-30,VAREJO,56551.69,True,2018-01-25
30E034BE-83C,16238940778,Matheus Camargo,1968-01-05,VAREJO,,False,2019-12-09
92145BEE-EAB,42738190669,Luiz Miguel Cavalcante,1952-12-29,PJ_PEQUENO,30175.37,True,2020-05-10
9192EE0A-196,18376520903,Sr. Rhavi Casa Grande,1970-07-18,PRIVATE,49190.71,True,2023-01-16
FD5923B3-3D7,35274816991,Catarina Lopes,1960-11-23,PJ_PEQUENO,,False,2022-10-27
7504371C-456,29507483683,Alice Garcia,1999-12-31,PJ_MEDIO,,False,2023-05-31
3B98496F-FEA,54781302904,Sra. Letícia Silveira,1973-08-05,PJ_PEQUENO,32950.56,False,2015-03-05
C4ED68E7-CA8,93825740188,Caleb Silva,1959-02-13,PRIVATE,,True,2017-08-03
E64496C6-D5E,03571498666,Yasmin Ramos,1971-04-18,PRIVATE,,True,2023-02-14
C112F6FE-472,73568940256,Maysa Sousa,1998-07-15,PJ_PEQUENO,76370.52,True,2019-01-23
E0D2FD6D-5E0,50617493243,Calebe Silveira,1978-11-26,PRIME,27347.47,True,2019-05-15
D0872209-5D5,75180364280,Zoe Nogueira,1954-10-23,VAREJO,,True,2022-06-25
2B726340-FC4,85960234700,Clara Monteiro,1954-12-20,VAREJO,34794.39,False,2015-10-16
3B159B94-B14,64213089703,Maria Helena Rocha,1991-03-29,PRIME,63340.83,True,2016-07-24
09DCB930-A52,12654938042,Liam Nogueira,1957-11-14,PRIME,,True,2022-05-07
D12F0330-C4C,29517638400,Antony Nascimento,1967-05-03,PJ_MEDIO,53781.74,False,2024-05-01
C62A8001-3C3,30517429888,Stella Peixoto,1954-08-06,PJ_MEDIO,39028.6,True,2022-07-23
5C050863-A7F,23891670559,Anna Liz Casa Grande,1969-07-25,VAREJO,22200.14,False,2020-12-07
7AFCEAF7-7DB,27619854002,Theo Pinto,1961-03-15,PJ_PEQUENO,75971.97,True,2022-01-16
5F8CC113-D7D,40916723534,Lucca Marques,1987-01-10,PRIVATE,,True,2021-10-17
B3BB11C2-361,07529648101,Thomas Correia,1962-06-05,PRIME,62109.86,True,2016-07-26
890591C1-999,78164903566,Cauê das Neves,1951-11-19,PJ_PEQUENO,,False,2024-03-20
E17998AA-D70,84697135237,José Miguel Teixeira,1975-10-15,VAREJO,,True,2024-04-16
F77FB804-D62,59742031860,Yasmin Costela,1952-08-10,PRIME,33956.61,True,2022-09-28
42809E97-8AD,58306429133,Hellena da Rosa,1989-02-23,PJ_MEDIO,34749.5,True,2018-07-21
399D796C-BC6,85234961060,Alexandre Silva,1955-12-07,PJ_PEQUENO,35611.82,True,2024-05-19
C54B2F1A-F24,15032849642,Ísis Aparecida,1971-11-16,PRIME,62851.86,True,2022-12-30
44D19E77-B20,15420683717,Sr. Diego Gonçalves,1970-06-19,PRIME,12483.09,True,2022-02-14
E0EB7A26-1C2,28947605158,Pietra Borges,1986-02-04,PJ_PEQUENO,15222.18,True,2020-03-03
98C50FDA-9E8,14532698782,Joaquim Garcia,1973-04-30,PJ_MEDIO,67884.28,True,2017-02-02
B5D56D0E-4C3,38946750200,Alícia Freitas,1978-01-31,PRIME,61286.41,False,2018-05-19
FC6F72F4-0A9,53672091499,Yago Macedo,1996-09-03,PRIVATE,64412.63,False,2023-08-07
5C20B5FA-D30,47930256170,João Felipe das Neves,1998-08-21,PJ_PEQUENO,10367.8,True,2015-11-01
7E04E898-1A3,28541697002,Luigi Melo,1977-09-24,PRIME,,False,2015-04-10
EA188793-367,85134670226,José Pedro Cardoso,1996-08-17,VAREJO,,False,2015-12-15
FC00CF04-0BA,69485307292,Ana Julia Cirino,1979-12-17,PRIVATE,48115.83,True,2023-08-24
AF02869B-D1B,79642835029,Alícia Mendonça,1984-11-13,PRIME,43155.76,True,2016-12-04
11BF78FF-3B0,03948215723,Juliana Lima,1981-12-20,PJ_MEDIO,,True,2022-12-31
9EEB2480-A5D,90741362570,Stella Siqueira,1973-11-26,PJ_PEQUENO,38235.02,True,2019-08-17
1021606C-A20,46039851260,Henrique Brito,1966-01-08,PJ_PEQUENO,58400.4,True,2016-08-20
AA1A115B-5F4,07846592300,Maria Laura Campos,1967-01-26,PRIVATE,24811.1,True,2016-12-18
48C337D5-2A4,85742306180,Alexandre Moraes,1978-08-30,PRIVATE,38269.96,True,2023-02-03
5FFDAF4C-04D,30681297530,Emanuelly Cirino,1990-11-08,PJ_MEDIO,48729.08,False,2020-06-25
40CAEBD2-943,15762894355,Henry Gabriel Aparecida,1978-05-03,PRIVATE,45799.52,True,2017-11-09
4253DCF8-831,86320941570,Sr. Luiz Otávio Novais,1990-07-02,PRIVATE,7269.0,False,2022-07-29
962A0BEC-0C7,01329874650,Arthur Oliveira,1969-06-06,PJ_PEQUENO,,False,2016-08-30
1939EA1E-7AB,98160243570,Cecilia da Conceição,1981-11-11,PJ_PEQUENO,,True,2016-02-28
6ACF064F-C03,07631542961,Isabel Albuquerque,1964-05-20,PRIVATE,58827.24,True,2017-04-20
19B28AAB-351,78650193439,Isabelly Pinto,1968-08-29,VAREJO,44128.68,False,2019-06-18
CDD3D5D5-5FE,61320495842,Milena Pimenta,1972-05-12,VAREJO,56404.89,True,2022-01-17
B60B7AB7-2E1,26805194776,Anna Liz da Mata,1972-09-03,PJ_MEDIO,,True,2024-05-27
C09ABD89-F98,19456287319,Alícia da Rosa,1965-05-14,VAREJO,71206.12,True,2015-12-07
6152EDB3-1D6,74561830901,Enzo Gabriel Sá,1965-05-30,PJ_PEQUENO,57727.12,False,2023-07-21
DD2CDA89-7C8,07169538202,João Miguel Sá,1976-01-27,PJ_MEDIO,13223.65,True,2020-04-17
249B588C-580,51639728040,Ana Viana,1961-12-31,VAREJO,,True,2021-03-04
D45590B4-570,83591470600,Davi Lucas da Rosa,1976-06-17,PRIME,38391.88,True,2019-11-25
298198B2-CB6,27468031517,Erick Leão,1964-05-15,PJ_PEQUENO,61319.55,True,2022-01-21
9B5F571D-18F,13849056775,Ester Fogaça,1985-06-27,PRIVATE,13825.3,False,2018-12-18
35DFD32F-938,58416072949,Heloisa da Conceição,1979-10-15,VAREJO,2938.15,False,2015-11-27
58302FC0-7B8,36841279069,Felipe Cunha,1952-11-26,PJ_MEDIO,,False,2022-12-18
1B8CE17B-F44,23518406906,Luan Sousa,1961-07-25,PRIME,70353.41,True,2022-09-27
04B5EE26-98B,90746138539,Lavínia Carvalho,1954-04-11,VAREJO,34339.81,False,2016-07-05
F9285961-2F7,54839160260,Caroline Caldeira,1961-07-29,PRIME,4505.48,True,2015-01-12
48A6BF5C-55C,39654078139,Maria Luiza da Paz,1967-01-31,PRIVATE,70356.69,False,2017-03-19
690075F7-DAC,10287635902,Lucca Caldeira,1990-12-28,PRIVATE,,False,2023-08-10
4C1357A1-976,25830974150,Joaquim Novaes,1962-09-13,PJ_MEDIO,69360.8,True,2019-08-30
86115B40-B55,58027169321,Maria Sophia Pereira,1985-07-25,PRIME,,False,2021-11-12
98D570B5-FF7,89317426069,Marcos Vinicius Pires,1984-08-02,PJ_MEDIO,58560.34,False,2015-02-07
6BF2F28D-D20,84926750120,Dra. Evelyn Duarte,1972-04-25,PRIME,21457.77,False,2017-11-01
D8B4A42E-7B0,71842569309,Maria Eduarda Pires,1955-10-08,VAREJO,9317.83,False,2017-12-16
3537832C-337,58246173090,Otávio Teixeira,1991-08-28,VAREJO,55333.28,False,2018-04-03
63BDFF0D-D03,27369104869,Mirella Ferreira,1979-09-21,PJ_MEDIO,9338.41,True,2020-06-29
71607B50-612,06832954115,João Guilherme Nunes,1986-07-14,PRIVATE,47038.39,False,2024-04-23
906003E3-BA5,31259678482,Ian Câmara,1965-04-01,PJ_MEDIO,47528.36,False,2016-01-28
0E89325C-A6D,80764591258,Dr. Erick Gonçalves,1960-09-04,PRIVATE,26451.31,True,2022-05-03
72ECCAD1-F77,07358194241,Pedro Pereira,1986-08-07,PJ_MEDIO,9249.17,True,2016-05-15
233CF7A8-5E8,82913674003,Maria Julia Sampaio,1979-08-07,PRIME,30739.51,True,2022-10-23
6015BDAD-090,36104598757,Rael da Cunha,1964-08-04,PRIME,26963.61,True,2020-02-11
379A3493-F6E,75604938157,Liam Guerra,1989-12-05,PRIVATE,28962.55,False,2023-04-20
360B9D21-227,48351709204,Carolina Cardoso,1955-02-20,PRIVATE,79612.09,True,2018-10-24
DDBF087D-F60,91807536203,Dom Barbosa,1967-10-22,PJ_MEDIO,5167.74,True,2015-12-23
EC4F41E0-D2D,20876541317,Ana Laura Almeida,1960-05-22,PRIVATE,65640.1,False,2020-09-05
8CD54235-E14,91640873520,Sr. Leonardo Camargo,1989-01-23,PRIME,36457.73,True,2019-07-05
41FF53AD-135,94820571630,Pietro Cassiano,1953-08-16,PRIME,78679.17,False,2020-12-17
78615DA7-666,98267140549,Alice Ribeiro,1951-09-05,PRIME,21496.08,False,2023-12-31
EADC630B-87C,93718406500,Liam Farias,1997-11-16,PJ_MEDIO,56975.84,False,2016-04-27
970B933B-8EB,58129367068,Gabriel Aragão,1998-10-07,PJ_PEQUENO,,False,2024-04-09
F2BA078C-001,78603924104,Otto Pimenta,1961-10-10,PRIME,30386.13,False,2022-10-05
B002C2C6-342,57819423609,Emanuel Rios,1976-06-20,PRIVATE,5047.85,False,2021-04-27
59902F11-AAC,03614985784,Dr. Leandro Pereira,1986-06-29,PJ_PEQUENO,36426.01,True,2016-03-14
1C3C5D49-932,25386149709,Théo Porto,1966-11-25,PJ_PEQUENO,19044.72,False,2023-07-05
504E9A15-DDE,79328146003,Sra. Ana Lívia Sá,1979-09-23,PJ_PEQUENO,77767.92,False,2017-10-21
B0665A50-0A1,94862705111,Brayan Farias,1979-03-04,VAREJO,,True,2021-02-28
12E5FC5C-07F,24639175043,Sr. Henry Gabriel Câmara,1981-12-30,PJ_MEDIO,73057.75,True,2023-12-13
F3822486-6AF,71326859021,Isabel Silva,1959-10-13,PRIVATE,15750.42,True,2017-04-05
E2E84829-452,15384602708,Ana Clara Araújo,1983-12-30,PJ_MEDIO,6271.85,True,2018-01-20
04684E7B-AB2,51764032934,Nathan Leão,1991-02-19,PJ_PEQUENO,11697.52,True,2015-01-29
821B7FC2-2B9,86503291442,Sr. Dante Freitas,1994-06-26,PRIVATE,72346.55,True,2023-05-21
3E59CE0C-6C3,72940358656,Thales Borges,1972-02-09,PJ_MEDIO,46819.31,True,2020-03-25
D2C8734E-CCD,37561928068,Srta. Raquel Mendes,1959-06-07,PRIVATE,74900.74,True,2017-05-15
32225920-9B2,17836504948,Dra. Catarina Vargas,1996-09-23,PJ_PEQUENO,70731.36,False,2024-04-17
9EA19B28-354,69372510416,Theodoro Macedo,1963-01-21,PJ_MEDIO,,False,2020-09-30
77763AA3-50E,68329105768,Heloísa Nunes,1959-05-31,PJ_MEDIO,,False,2019-06-10
19EC82A4-0EB,17865492391,Hellena Nunes,1971-10-11,VAREJO,,False,2017-08-29
1D9A91C3-EC2,14597260307,Samuel Gomes,1994-07-16,PJ_MEDIO,,False,2023-10-08
C232FF59-394,71602345880,Brayan Martins,1974-10-28,PRIVATE,55193.3,False,2023-12-21
02587A96-7FB,06873915203,Bernardo Almeida,1977-10-14,PRIVATE,68224.92,True,2020-01-25
3B0A35D5-E4E,26850197312,Mariane Sales,1986-02-26,PJ_MEDIO,59889.66,True,2019-04-29
47DAAA94-501,34012786903,Marina Lima,1980-10-21,PRIVATE,24870.88,False,2024-04-24
34E6C3A7-E9F,60973214570,Letícia Barros,1981-10-26,PJ_MEDIO,,True,2023-12-23
10A2308D-64E,51049372670,Ayla da Costa,1973-03-31,PRIME,47009.52,True,2021-11-08
61162C21-F9C,19538624700,Dr. Samuel Silva,1996-04-08,PRIVATE,37771.81,False,2019-01-30
3BAEC0C8-4E4,31947285041,Igor Souza,1995-06-03,PRIVATE,41329.58,True,2022-07-15
7E6DBCFE-8FE,34160285708,Yan Aparecida,1994-07-30,PRIVATE,53780.46,True,2019-03-30
899925B9-C2B,60178432903,Thomas Mendes,1992-10-15,PJ_MEDIO,,True,2018-06-09
6C37B0D9-B17,81359260730,Zoe Cirino,1953-06-30,PJ_PEQUENO,5957.95,False,2022-04-25
EBF6DFAD-4BD,97085143657,Daniel Sousa,1958-10-12,PJ_PEQUENO,76648.17,True,2022-09-11
E7966C01-1D4,93541872004,Leonardo Rocha,1967-05-06,PRIVATE,51890.61,True,2020-07-07
B5615C08-AFC,86452910701,Emanuelly Cirino,1995-07-25,PJ_MEDIO,31950.48,True,2016-08-31
46564598-EC9,63489215060,Pietra Moura,1967-02-11,PRIME,26741.43,True,2017-08-25
ED44211B-908,96137402878,Breno Aparecida,1966-12-19,PJ_PEQUENO,11696.82,False,2022-08-25
D0C2C781-02F,91850673420,Ana Lívia Rodrigues,1953-11-17,PRIME,8329.37,True,2024-03-18
BFEFB382-B4B,01862453780,Lorena Teixeira,1985-03-22,PRIVATE,13951.83,True,2018-07-08
D7367A2C-47F,15029374680,Dra. Lavínia Azevedo,1979-09-12,VAREJO,,True,2017-12-11
9BE34812-925,01874523690,Sra. Alana Andrade,1954-10-24,PRIME,77533.44,True,2018-01-02
2AE6CFC5-090,58102496398,Emanuella Rocha,1993-04-01,PJ_PEQUENO,24423.51,False,2015-05-17
B5DE3E41-2F7,36704125906,Gael Henrique Alves,1971-10-21,PRIVATE,30399.34,False,2015-06-21
84F0A4F3-6B9,72605981312,Camila das Neves,1963-05-08,VAREJO,33769.25,False,2017-10-27
F14496FD-A4D,29153067886,Sr. Vinícius Rezende,1956-08-10,PRIME,77988.44,False,2023-11-22
85EF9370-FAE,09648352747,Luísa Correia,1982-05-04,PJ_MEDIO,64246.67,False,2016-03-31
24B2D60E-ADB,45782106344,Alana Vargas,1964-05-13,VAREJO,74282.97,True,2022-02-13
55B682C2-25F,60157239802,Sr. João Pedro Siqueira,1963-03-26,PJ_PEQUENO,67655.0,False,2015-05-02
BC88B364-7CC,72841906396,Mathias da Rosa,1989-04-05,PJ_PEQUENO,,True,2016-09-04
177B90F8-4D5,52104987350,Dante Ribeiro,1998-07-16,PRIME,30127.2,False,2018-03-06
5A29F0DA-811,47901623543,Asafe da Cunha,1987-08-12,PJ_MEDIO,,True,2017-11-17
7CB6D7E8-031,50843192615,Allana da Rosa,1983-04-14,PRIVATE,65185.36,False,2021-07-06
B32B769A-809,53421986070,Aylla Caldeira,1979-11-15,VAREJO,77607.73,True,2022-11-30
15546A10-CA0,35461982719,Oliver Montenegro,1979-11-11,PJ_PEQUENO,40728.21,False,2023-08-13
8AEAF624-A4C,76205948176,Isabela da Conceição,1998-05-08,PJ_MEDIO,73950.16,True,2017-08-08
F212244C-749,03264589133,Marcela Alves,1962-04-13,PJ_PEQUENO,68839.32,True,2021-06-19
DB94B81C-31B,64205391706,Arthur da Cruz,1955-07-16,PRIVATE,4276.2,True,2022-10-14
FF260042-99A,27150839630,Jade Costela,1971-11-28,PJ_PEQUENO,58088.51,True,2019-10-04
F690D6AE-7CB,79863054100,Brenda Costela,2000-06-29,VAREJO,75835.26,True,2016-09-05
6B7A0DBA-561,24960718331,Renan da Rosa,1955-07-27,PJ_MEDIO,30900.19,False,2022-08-03
1B369906-037,02431896560,Liz Sousa,1952-02-05,PJ_PEQUENO,,True,2019-11-04
CAF71CF6-F4E,36479851048,Arthur da Rosa,1991-06-21,VAREJO,76560.58,True,2016-12-08
56C1BE6B-585,68049172511,Erick Vasconcelos,1953-06-21,VAREJO,47345.46,True,2017-11-01
341B5721-7A8,67213098403,Lívia Vieira,1977-10-02,PJ_MEDIO,37382.02,False,2016-11-01
BD478C81-C44,60537149848,Aylla Garcia,1960-04-10,PJ_PEQUENO,58657.09,True,2022-09-10
6B8E7BBE-A1E,15907384620,Enrico Pires,1971-04-28,PRIME,59639.66,True,2021-06-25
8008B856-07C,62934108740,Hadassa Rocha,1983-11-27,PJ_MEDIO,,False,2017-07-07
AD58D9C5-648,69038142722,Letícia Rios,1952-03-26,PJ_PEQUENO,,False,2015-06-22
E52E1C49-A98,63471902813,Isabel Barros,1954-12-29,PJ_MEDIO,,True,2022-04-26
C516BD0F-2FD,67183429555,Dr. Vitor Hugo da Cruz,1991-07-26,PJ_PEQUENO,15773.74,True,2018-07-16
985CE95D-237,10937826502,Dante Lima,1975-09-01,PJ_MEDIO,40043.15,False,2023-11-07
F80403C1-FFF,65402379874,Pietro Castro,1964-12-09,PJ_MEDIO,6377.95,True,2016-09-09
559DF867-397,62740139543,Paulo Sampaio,1964-03-30,PJ_MEDIO,76858.88,True,2019-09-23
2E316505-205,56830192498,Josué Macedo,1999-08-26,VAREJO,21806.87,False,2019-02-06
85DE4AA9-110,57096143866,Maria Luiza Nascimento,1995-02-25,PJ_MEDIO,,False,2020-07-04
13221A98-30E,76941258373,Raquel Aparecida,1986-08-20,VAREJO,,True,2022-04-03
AEE39474-A9A,68743901204,Sr. José Pedro Araújo,1988-04-09,PRIVATE,13717.07,False,2024-02-27
FF455130-EBE,43295107661,Srta. Isabella Silveira,1980-09-27,PRIME,37691.01,False,2021-03-03
1E582101-167,65419730839,Joaquim Sampaio,1991-10-15,PRIVATE,,False,2015-02-27
97317934-77C,81495632024,Dr. Ryan Oliveira,1989-08-11,VAREJO,34201.07,False,2020-04-01
1D07A17C-087,68054197276,Nicolas Nogueira,1991-02-07,VAREJO,8283.23,False,2016-09-19
70D8F075-FB0,34208519606,Luna Vasconcelos,1998-12-18,PRIVATE,32812.51,True,2023-12-03
E212D368-F60,57314820635,Sr. Cauê Duarte,1962-03-26,PJ_MEDIO,71646.1,True,2022-12-07
F3F178A7-FBA,36209857159,Mateus Martins,1983-11-19,PRIVATE,35847.43,True,2018-10-31
B34B00AB-BE8,26543017880,Marcelo Viana,1967-07-29,PJ_PEQUENO,52169.69,False,2015-05-17
77F4499D-CF0,94085261398,Dom Andrade,1980-01-11,PJ_PEQUENO,44105.78,True,2023-11-30
1C09E38F-C5D,57321804607,Srta. Bruna Garcia,1968-01-22,VAREJO,31172.91,False,2021-06-22
46A97C7D-468,40975613839,Gustavo Sales,1982-12-27,VAREJO,38097.65,True,2016-05-19
B03FCECB-98A,39024576199,Benicio Cunha,1965-08-18,PRIVATE,45196.58,False,2017-09-02
FED51F06-FD3,05492631799,Julia Martins,1983-06-22,PRIVATE,67318.71,True,2015-12-14
A1CFB0E5-9AF,21094758620,Ana Júlia da Cunha,1957-09-05,PJ_MEDIO,45158.91,False,2015-01-12
CF526696-A3F,26539417837,Anthony Mendonça,1960-08-19,PJ_PEQUENO,55832.93,False,2020-06-13
6E80D92E-3DD,01365872912,Pedro Henrique Borges,1959-03-22,PRIVATE,4593.65,False,2022-04-11
A088F46E-0DA,40519736206,Luiz Felipe Viana,1959-04-14,VAREJO,66420.3,True,2018-03-13
101B2DCB-B32,57423806900,Rafael Siqueira,1970-04-14,PRIME,,False,2023-03-18
D651D209-BE6,34127096543,Milena Monteiro,1989-09-17,PJ_MEDIO,,True,2022-04-08
F92B3A3B-C05,89150374214,Luna Freitas,1976-05-07,PJ_PEQUENO,54070.74,False,2015-10-03
F7B7F741-443,75481692309,Nicole Moura,1958-03-21,VAREJO,5522.47,False,2015-07-28
0661BE64-A3C,04629751343,Luiza Pimenta,1959-07-10,PJ_PEQUENO,3704.05,True,2015-02-18
A1103C77-1EA,94075631206,Luara Silva,1983-05-25,VAREJO,28819.22,False,2021-05-04
9F959139-6E7,60259137812,Luísa Castro,1992-06-26,PRIME,56711.37,True,2015-05-15
9ED9C989-D35,21349806722,Diego Aparecida,1957-05-07,VAREJO,50178.17,False,2019-02-01
3A5656DB-601,94532817005,Dra. Ana Clara Azevedo,1992-06-20,PRIVATE,54443.45,False,2022-03-06
F2CE0575-F19,26735019830,Emanuel Rocha,1970-08-22,PJ_MEDIO,26721.35,False,2023-05-23
67012531-A1A,01742936822,Otávio Castro,1977-09-28,PRIVATE,28704.07,False,2022-06-09
DB191584-BFB,46302518989,Brenda Camargo,1973-02-20,PRIME,,False,2018-03-10
455B6E6C-351,63592740199,Srta. Isabela Vasconcelos,1960-02-20,PRIVATE,36103.46,True,2023-11-24
DFF23BD4-9D2,21635084989,Nicole Rezende,1982-11-14,VAREJO,,True,2019-12-25
A66D654B-4BF,26019483703,Joaquim da Paz,1988-01-07,PJ_PEQUENO,31276.66,True,2023-05-04
4F2AE4C0-C67,28475301932,Theo Cirino,1983-10-19,VAREJO,26638.1,False,2023-08-07
86355B01-090,89367412509,Sr. Lucca Brito,1957-12-06,PJ_PEQUENO,48498.87,True,2023-12-21
D3FDA65A-011,78209436104,Sofia Carvalho,1982-08-01,PJ_MEDIO,49807.09,False,2020-10-15
139AF8A0-5D2,59147360216,Raul Cavalcante,1995-09-05,VAREJO,,True,2020-10-12
29E2B3BC-2AE,04597623892,Srta. Maria Eduarda Carvalho,1955-03-26,PRIME,41010.29,True,2018-03-06
D244F4B4-6CE,36815497020,Vitória Santos,1954-01-18,PRIVATE,,False,2015-04-20
71A93079-33A,31247069516,Ana Clara Borges,2000-09-06,PJ_MEDIO,17914.33,False,2019-03-12
538E2C01-AF8,03471682562,Heloísa Duarte,1971-11-05,PRIVATE,77960.12,True,2016-02-03
48692446-2EF,63784521053,Dra. Stella Costa,1960-06-16,VAREJO,,False,2023-12-24
4DC3E6AA-265,29865014351,Léo Dias,1956-05-09,PJ_MEDIO,,False,2020-09-26
2A296D59-211,36210957480,Arthur Casa Grande,1999-09-11,PRIVATE,,True,2017-09-21
F45540D7-480,61237980577,Laís Fonseca,1982-01-10,PJ_MEDIO,10746.08,True,2015-08-03
5377B769-795,52376094810,Dr. Yuri Ferreira,1990-09-23,PRIME,55914.63,True,2023-07-08
620406EC-822,12856039405,Ester Guerra,1953-07-30,PRIME,53046.32,False,2017-12-20
4E5097D8-576,82453706900,Eduarda Brito,1963-11-23,PRIVATE,53521.78,True,2015-02-05
2A6B8ADF-C78,69873142509,Emanuella Almeida,1980-01-19,PRIVATE,,True,2024-03-23
77840A56-FF5,14785329637,Luan Barros,1996-05-21,PJ_PEQUENO,69360.35,True,2015-09-21
768FDE0E-4F1,19408276396,João Lucas Vieira,1975-04-17,PJ_PEQUENO,,False,2020-01-05
167C509E-164,18592374600,Manuela Novaes,1977-05-14,PJ_PEQUENO,24632.96,True,2020-02-10
AB8F9A15-F8D,93750642125,Marcelo da Costa,1959-04-21,PJ_PEQUENO,73629.8,False,2023-11-28
C910D6AC-61B,53624791052,Cauã Rios,1966-03-04,VAREJO,35237.74,False,2017-01-20
C082FA70-1BE,41350986224,Manuela Moreira,1994-10-09,PRIVATE,5222.41,False,2018-11-10
7F7077DC-DE4,89127563030,Sr. Vinícius Cavalcanti,1962-12-04,PJ_MEDIO,,False,2021-12-13
C05DAB49-C7D,17395842014,Maria Cecília Vieira,1995-03-02,PJ_MEDIO,47789.9,False,2020-04-11
00598A8E-45E,78653124900,Bento Costa,1979-08-31,PRIVATE,,False,2020-01-26
D0E29C73-3F5,94570863256,Hellena Araújo,1976-06-16,VAREJO,23294.34,True,2021-11-05
7AB84BE5-789,86750143253,Dra. Ana Laura Gomes,1962-03-21,PJ_MEDIO,34151.98,True,2022-10-02
71C02BAB-9A0,96432807565,Henry Gabriel Pires,1979-06-15,PJ_MEDIO,15786.61,False,2018-09-25
18399957-C04,05419276399,Isabelly Porto,1955-09-29,PJ_MEDIO,21216.68,True,2020-10-14
4C8F2EF2-845,85936207102,Ana Luiza Caldeira,1952-06-10,VAREJO,67463.25,False,2023-11-01
FBB65859-685,56104987249,João Vitor Barros,1976-06-06,PJ_PEQUENO,34621.69,False,2019-07-26
C1A453C5-547,60124798322,Maria Laura Leão,1960-08-29,VAREJO,33652.78,False,2016-07-11
65A987D0-E79,54098216701,Mathias Correia,1961-11-14,PRIME,,False,2015-04-26
E5BDC670-703,23987510404,Sr. Antônio Cirino,1987-08-01,PRIVATE,42199.11,False,2017-08-08
27875A38-178,72918403687,Cecília Sales,1959-03-01,PJ_PEQUENO,11808.59,True,2020-01-16
B4277AFA-004,78906213450,Dra. Lívia Viana,1976-11-14,PRIME,5649.32,False,2022-07-28
D3DC0B79-C30,91735084620,Sophia Siqueira,1965-10-24,PJ_PEQUENO,43646.31,True,2018-03-10
FA924963-2F7,67951830259,Ana Cecília Brito,1976-10-04,PJ_PEQUENO,,True,2023-12-20
D829E251-28D,91870256476,Alexandre Guerra,1959-06-08,PRIME,17961.99,True,2020-07-06
E349E308-FD3,94635078256,Brayan Casa Grande,1998-11-08,PRIME,43857.52,True,2019-06-07
6452001B-9DF,27934580150,Luigi Leão,1987-05-04,VAREJO,56210.93,False,2018-11-21
B45A9DA3-373,38705269474,Zoe Nascimento,1995-10-25,PRIVATE,,True,2018-12-19
4DEE3068-DAB,36102875940,Catarina Moreira,1988-11-05,PRIVATE,7772.53,True,2016-11-07
85318F44-481,38019452788,Isabela Lima,1999-06-07,PJ_MEDIO,28079.2,True,2016-12-02
CFD4CFFF-4E8,57480263929,Davi Guerra,1996-12-12,PJ_MEDIO,35474.12,True,2018-07-18
B6888195-46A,35047168948,Heloisa Pastor,1974-06-13,PJ_PEQUENO,61252.62,True,2021-01-07
999B66C3-833,43590872179,Mirella Duarte,1994-12-29,PRIME,79226.66,False,2015-05-28
9F18C5DF-CE0,27438659119,Kamilly Rezende,1979-06-16,PRIME,20539.3,True,2024-06-01
0950DC1C-435,10459387693,Helena Pinto,1965-01-12,PJ_MEDIO,45105.79,False,2016-01-09
633CBF35-F20,04932158750,Sra. Maria Júlia Ferreira,1965-01-13,PRIME,73560.19,True,2019-11-07
8551E5B2-BF3,19763824591,Giovanna Araújo,1984-03-28,PJ_MEDIO,,True,2023-11-01
710E195F-5F7,43968210506,João da Paz,1989-09-13,PJ_PEQUENO,,False,2021-01-27
87A87438-D12,29530817630,Antonella Sousa,1980-04-26,PRIME,12805.97,False,2023-04-15
17F6706B-855,95168074294,Yan Monteiro,1983-12-23,VAREJO,13239.14,False,2020-01-13
D2E3FAC4-6BF,28437910650,Rafael da Paz,2000-05-02,PRIME,35854.07,True,2023-05-03
656DBAA9-171,71463205961,Lucas Gabriel Rodrigues,1950-08-26,PJ_PEQUENO,53768.29,True,2024-03-28
7A5E14A3-DB1,23876154928,Marcela Pereira,1969-11-27,PRIVATE,,False,2020-05-21
4C4792ED-469,43795162882,Luiz Felipe Nascimento,1971-10-11,PRIVATE,15118.51,True,2024-01-08
CD362336-873,62845379137,Manuela Marques,1990-08-20,PJ_PEQUENO,5890.87,False,2017-05-22
E8C0D338-9DF,27586193002,Catarina Souza,1980-06-21,PJ_MEDIO,56898.93,False,2017-06-13
88DBB298-0BD,30416582753,Valentina Sá,1955-06-19,PRIME,,True,2016-11-28
6F452956-BB9,51407928694,Luara Andrade,1999-05-31,PRIVATE,,True,2018-07-02
4A89D59B-336,90874523141,Dra. Nina Araújo,1964-08-23,PRIVATE,61419.22,True,2018-09-18
39BE3DE4-F83,15492037625,Isabela Pastor,1980-09-12,PRIVATE,,True,2021-06-28
6ABCA260-D46,52307816968,Zoe da Cruz,1990-05-12,PJ_PEQUENO,24513.98,True,2019-08-30
8E3D6B99-ADE,16742589337,Ana Julia Gonçalves,1992-10-06,PJ_MEDIO,68524.0,True,2019-01-13
B04D1BA5-153,91063875439,João Silva,1987-10-20,PRIVATE,69751.43,False,2017-08-11
66218952-903,68293701404,Pedro Miguel Rodrigues,1997-05-03,PJ_PEQUENO,31338.92,True,2018-05-01
745CD732-DE8,61032589442,Maria Eduarda Lopes,1974-12-28,PJ_MEDIO,60071.04,False,2020-08-07
F2369B84-92E,01746593261,Letícia Oliveira,1970-06-24,PRIME,57366.53,True,2022-09-26
D5ED4A18-650,52783964074,Laís Ferreira,1964-08-17,PRIVATE,48779.58,False,2020-12-29
9FAED50F-935,21709865458,Nicole Nunes,1991-09-28,PJ_PEQUENO,2329.54,False,2016-10-24
12E39CDB-C5C,65073184262,Sr. Benício Brito,1971-06-16,PJ_MEDIO,,False,2016-10-15
E25F068B-050,74283651982,Srta. Vitória Nascimento,1987-11-02,PRIVATE,39822.89,True,2022-02-18
