id_contrato,cd_cliente,dt_contrato,vl_limite,vl_utilizado,tp_produto,cd_status,dt_vencimento,nr_parcelas,tx_juros_am
0B7C6FF7-9781-4F,D9D54CB1-809,2019-11-30,77205.25,9911.99,CREDITO_PESSOAL,ATIVO,2026-07-01,31,1.5964
1B0740AE-AAF5-42,AACCEFAB-AA1,2022-10-12,24512.72,24547.42,CHEQUE_ESPECIAL,ATIVO,2029-12-07,24,4.8864
D3BF95AA-00B8-41,5616BA27-A5D,2023-08-18,3817.24,2455.09,CHEQUE_ESPECIAL,RENEGOCIADO,2029-10-14,60,1.7519
EDBC8E9C-E796-4A,994A8BF3-4CF,2022-06-05,44583.02,10200.33,FINANCIAMENTO_VEICULO,EM_ATRASO,2028-08-21,3,7.9942
09A5DE8A-973A-46,6406CC5C-F06,2021-12-04,47742.93,20391.12,CONSIGNADO,EM_ATRASO,2029-01-12,51,2.6751
D607C230-D522-43,CA0551EE-5E8,2021-04-05,91444.35,83156.43,CARTAO_CREDITO,ATIVO,2027-07-28,48,6.6306
24299202-C8D8-4D,9B31695D-108,2019-06-20,67074.35,34087.61,CREDITO_PESSOAL,ATIVO,2027-04-17,3,2.177
D6A325AB-4016-43,65F02700-2FC,2023-12-24,69000.35,63723.97,CONSIGNADO,ATIVO,2024-04-15,41,4.9625
E1B33EA7-F935-4A,E284C7C2-092,2023-01-08,32355.6,12105.31,CHEQUE_ESPECIAL,ENCERRADO,2027-11-04,32,4.6797
899BC9D2-A490-43,64263BBA-0B8,2019-09-03,75729.15,68293.66,CARTAO_CREDITO,ATIVO,2025-09-18,19,8.0472
41281440-EA07-48,B4EDBCD0-ED4,2022-02-23,2133.41,702.31,CARTAO_CREDITO,RENEGOCIADO,2027-05-25,38,2.6842
030BE88F-15F5-4E,2AE67F9E-ED5,2019-05-02,40903.69,648.07,FINANCIAMENTO_VEICULO,ATIVO,2024-12-18,22,5.6911
281C4DBB-5F5A-49,11268A8C-814,2019-01-01,63153.8,70390.46,CHEQUE_ESPECIAL,EM_ATRASO,2024-03-09,46,2.9213
61EF623C-7BE7-42,9BD37035-C63,2018-06-22,66524.72,27257.7,CARTAO_CREDITO,EM_ATRASO,2027-10-07,36,3.1167
F058E337-6B7E-4B,21D4590C-D80,2019-07-19,94921.83,60445.31,CHEQUE_ESPECIAL,RENEGOCIADO,2024-04-04,26,7.5309
5B914EB0-5C1A-42,2C89C1DE-1A7,2022-04-24,57282.59,44911.65,CREDITO_PESSOAL,EM_ATRASO,2030-12-30,16,3.3567
0BFAA99A-BC83-40,AD72640D-C17,2023-09-05,65087.87,55322.56,CARTAO_CREDITO,ENCERRADO,2028-05-31,14,5.1307
8C827F15-5CFA-4D,235CA8B4-2DA,2019-11-06,40643.27,22773.41,CREDITO_PESSOAL,EM_ATRASO,2027-08-25,50,4.7269
7F645DB0-EB42-4B,F0CC8CCA-3F4,2023-11-17,74508.13,41515.21,CHEQUE_ESPECIAL,ENCERRADO,2027-12-02,5,6.8241
32EB3FF7-4B94-46,A890B3C1-30D,2020-01-24,77392.82,77536.36,CREDITO_PESSOAL,EM_ATRASO,2030-11-14,41,7.1895
7BBB872D-D9AF-47,0242103B-775,2018-05-25,40993.67,33110.6,CARTAO_CREDITO,ATIVO,2026-11-30,23,2.4302
DCEF68A8-EE8D-40,72F142F8-475,2018-03-16,90764.57,74115.02,CREDITO_PESSOAL,RENEGOCIADO,2029-07-23,41,2.076
F7B5B286-A447-48,F369784D-213,2022-03-23,31959.67,11084.57,CARTAO_CREDITO,RENEGOCIADO,2024-07-27,37,5.2625
BF5E3408-497F-4A,6AA8E43E-7C9,2023-08-02,94549.49,22915.99,CARTAO_CREDITO,ATIVO,2028-06-18,27,8.1862
8D9D6336-FED4-46,5FF8C9EF-A2C,2018-03-14,91147.53,10759.45,CHEQUE_ESPECIAL,EM_ATRASO,2028-04-04,39,1.6361
6D5CE21E-2512-4E,4094B3F2-508,2018-08-12,18472.99,2037.93,CARTAO_CREDITO,RENEGOCIADO,2026-10-30,21,2.8105
2D9D41E3-484F-4C,60EFE149-B0D,2022-02-23,41180.96,47136.85,FINANCIAMENTO_VEICULO,ENCERRADO,2025-04-02,10,7.4688
6C3257E1-59DC-46,2AE67F9E-ED5,2022-12-13,22294.07,2769.05,FINANCIAMENTO_VEICULO,RENEGOCIADO,2028-06-04,12,6.7311
A65EF89B-487E-46,E0ABA7D1-487,2021-12-23,16599.13,14429.68,FINANCIAMENTO_VEICULO,EM_ATRASO,2029-06-23,18,3.6017
F52D3F25-FA6B-41,C5A04C8D-3A9,2023-09-02,55759.61,40453.63,CONSIGNADO,RENEGOCIADO,2025-05-05,30,7.7588
AE08D50F-FBE8-4D,E378B378-3FE,2021-10-11,65376.89,6732.79,FINANCIAMENTO_VEICULO,ATIVO,2028-10-03,3,7.6823
B45279C6-DE70-43,E8DE9626-1FF,2018-12-04,17662.72,19049.18,CREDITO_PESSOAL,EM_ATRASO,2029-01-08,6,7.7042
DCD305A1-C3AA-42,B281A3AB-272,2020-12-11,33630.36,32802.68,CARTAO_CREDITO,EM_ATRASO,2026-01-29,28,2.8115
CE342D7E-977B-45,047120EF-D1A,2023-08-11,96870.31,75996.23,CHEQUE_ESPECIAL,RENEGOCIADO,2030-09-07,19,6.4087
AB1BCBD9-0A4B-47,7E2FAD1F-7C1,2019-04-15,37226.5,3695.02,CHEQUE_ESPECIAL,RENEGOCIADO,2030-04-03,3,2.758
E5232875-0C9B-4D,78B5C660-0EE,2019-07-08,50845.15,48443.47,CARTAO_CREDITO,ENCERRADO,2030-02-20,52,2.281
4925FA82-905B-43,AB82E6A4-64C,2021-08-25,25029.79,11288.52,CHEQUE_ESPECIAL,EM_ATRASO,2025-12-12,53,4.4592
983CD94B-1BA6-43,DB275D79-7A4,2023-06-14,41981.14,34037.83,CREDITO_PESSOAL,ATIVO,2027-06-27,28,2.8138
4269A3B6-5711-42,7E2FAD1F-7C1,2019-11-29,76408.5,23747.75,FINANCIAMENTO_VEICULO,ATIVO,2026-02-18,23,2.2729
BA5DFCAF-A3E8-41,9B272835-D53,2022-04-28,15914.79,6464.67,CARTAO_CREDITO,ENCERRADO,2025-08-10,53,8.0739
C8F4EB34-C7DF-41,21D4590C-D80,2020-05-01,72127.31,68938.57,CONSIGNADO,EM_ATRASO,2025-05-18,56,6.0971
01E16265-183D-4D,D9D54CB1-809,2021-12-11,34795.41,33711.04,CREDITO_PESSOAL,ENCERRADO,2028-01-22,50,1.8885
341FB291-B9E0-4C,9212F99A-4ED,2022-07-05,48383.66,368.8,CONSIGNADO,ATIVO,2029-09-22,58,2.9088
60CB5A5D-AF10-4B,36836E28-7AF,2018-02-24,87743.05,93100.63,FINANCIAMENTO_VEICULO,ENCERRADO,2029-04-12,5,1.965
BE2FBBD8-AB69-40,15C9FCA9-FF7,2020-01-26,19220.66,6782.61,CONSIGNADO,ENCERRADO,2029-06-24,34,8.0095
05A64F0C-F453-4E,D67D9A88-C34,2022-07-24,73463.66,20971.32,FINANCIAMENTO_VEICULO,ENCERRADO,2029-01-22,16,2.6776
63AFA3EF-721E-45,9078051D-07C,2023-01-06,87901.0,12673.6,FINANCIAMENTO_VEICULO,RENEGOCIADO,2027-04-08,28,7.5921
A06CECA9-9010-46,A3D456CB-CDC,2023-09-15,33906.44,19753.91,CARTAO_CREDITO,EM_ATRASO,2028-04-25,35,8.2654
F3CD5F23-501F-49,691D59B3-7FE,2021-04-20,64196.44,33797.83,CONSIGNADO,ENCERRADO,2030-06-13,19,2.8673
B20665D7-1DBD-4D,285DFD16-5DD,2020-04-04,61252.2,55462.03,FINANCIAMENTO_VEICULO,RENEGOCIADO,2027-11-20,41,7.6132
CB7CA717-15C7-4F,107243F2-368,2022-07-10,16119.82,16059.9,FINANCIAMENTO_VEICULO,EM_ATRASO,2030-10-08,57,0.8352
D1E909BA-6648-42,5C525AD3-E0B,2022-09-28,68831.12,18198.69,FINANCIAMENTO_VEICULO,ENCERRADO,2026-02-03,3,2.2737
3724ABC2-90A0-4C,BC184D0F-B3C,2020-04-25,39984.83,41473.57,CARTAO_CREDITO,RENEGOCIADO,2029-01-17,39,0.9141
C86F3326-BE77-43,C69A6927-B72,2020-04-29,24710.91,1171.68,CONSIGNADO,ENCERRADO,2026-02-14,13,1.5839
3836D2DF-8681-4B,2496CE35-A46,2019-01-28,32230.35,36056.82,CONSIGNADO,ATIVO,2025-03-07,26,3.9017
77D2174A-B9CF-4D,03B70411-818,2020-10-19,54284.81,707.4,FINANCIAMENTO_VEICULO,ENCERRADO,2030-01-11,4,7.4891
F31C4EA7-5701-4D,F67A0408-FB3,2023-12-05,87194.75,22269.0,CONSIGNADO,EM_ATRASO,2026-03-05,5,1.6497
D29F0441-ED61-46,A05E3883-7C8,2020-09-14,27965.13,28471.02,CONSIGNADO,RENEGOCIADO,2030-02-06,59,1.5257
6990322F-4FDC-40,D83FBE0D-126,2018-12-21,48726.38,14574.27,CREDITO_PESSOAL,ATIVO,2024-03-29,44,3.7074
3F34C47F-4524-4C,E312D44E-3D8,2020-01-22,42917.54,24682.92,CHEQUE_ESPECIAL,RENEGOCIADO,2027-12-17,4,3.0307
410A251B-60F4-4F,743FC2FA-1C5,2019-12-17,4268.41,692.85,CHEQUE_ESPECIAL,EM_ATRASO,2029-07-18,36,5.7211
92286221-E2E8-40,2A85F43E-231,2021-10-11,13616.84,14611.76,CARTAO_CREDITO,ENCERRADO,2028-10-11,42,1.5646
1B6E2DBE-DB3E-4B,42A9CD29-2F9,2018-06-26,79311.41,22319.92,FINANCIAMENTO_VEICULO,ENCERRADO,2024-09-23,4,4.8761
22103F99-3B48-45,E0ABA7D1-487,2023-05-21,3800.0,1411.85,CONSIGNADO,RENEGOCIADO,2024-03-13,26,1.8468
6FB10438-E77D-4C,9AFEBC11-DCD,2018-06-02,61705.29,37144.82,CONSIGNADO,RENEGOCIADO,2027-12-20,12,7.4779
FCA0296C-1C6C-42,8E42EDA2-06B,2022-03-13,42553.85,19362.4,CARTAO_CREDITO,ENCERRADO,2028-09-11,36,1.5157
36A6647B-0770-4A,BB347D67-ED6,2019-11-03,39437.67,42178.08,CARTAO_CREDITO,EM_ATRASO,2024-06-20,29,8.1444
6FE1A87E-5914-46,EDDB50D6-49A,2023-11-23,47368.91,10675.03,FINANCIAMENTO_VEICULO,ATIVO,2027-02-23,49,2.3222
1FBE058A-541E-4A,7CC2EBF2-FD3,2019-09-28,2280.09,1623.4,CARTAO_CREDITO,ATIVO,2027-10-29,55,6.8866
0D53EA61-08D1-42,AB82E6A4-64C,2018-06-12,66663.74,13575.72,FINANCIAMENTO_VEICULO,ATIVO,2025-12-27,42,8.0053
D917C415-90E5-46,992C185E-9D9,2021-08-29,49497.55,29238.98,FINANCIAMENTO_VEICULO,ENCERRADO,2024-09-15,15,2.0954
5025C068-153D-4F,03112687-423,2021-09-14,23227.01,3130.65,CHEQUE_ESPECIAL,ENCERRADO,2030-09-07,51,7.1616
3AEA9CE4-6137-46,148829F6-E46,2019-12-17,17705.61,11705.73,CREDITO_PESSOAL,EM_ATRASO,2024-06-01,8,3.0847
E455B6D1-D05A-42,07C93CA1-3B6,2024-03-05,67241.28,52271.2,CREDITO_PESSOAL,RENEGOCIADO,2028-02-15,19,2.6074
394907E6-589B-48,E92720A6-90C,2021-06-29,8989.1,5551.27,CREDITO_PESSOAL,EM_ATRASO,2029-02-04,35,1.2013
15122D75-1B3E-46,D8F25E4E-64C,2019-12-13,47817.42,34598.31,CREDITO_PESSOAL,RENEGOCIADO,2026-06-06,26,3.9654
DBBE4E47-D47E-46,3BE75694-93E,2023-05-13,60065.98,36143.32,CREDITO_PESSOAL,EM_ATRASO,2028-02-06,42,0.9314
A0ACFFA9-F798-43,1F53D01C-A6D,2020-09-26,83242.13,32182.17,CONSIGNADO,RENEGOCIADO,2028-01-18,3,0.9048
D2714FE1-3BE0-46,BB2AA7BB-CDF,2018-05-09,74297.55,63883.16,CONSIGNADO,ATIVO,2026-02-10,8,4.2173
6990DD80-0866-45,41006AC3-D3C,2018-11-15,14908.65,10803.88,CHEQUE_ESPECIAL,EM_ATRASO,2030-08-03,46,4.6525
38F4C813-F60F-4E,250D0F1E-5F5,2019-03-27,28633.92,6897.9,CREDITO_PESSOAL,RENEGOCIADO,2030-07-06,27,2.8377
B48349BA-7509-4A,D9113245-2F7,2022-07-20,11995.42,1150.43,CARTAO_CREDITO,ATIVO,2030-12-06,44,2.3392
8105B28B-F685-4D,040E7AAA-066,2020-01-31,92167.85,22131.46,CARTAO_CREDITO,RENEGOCIADO,2025-11-12,12,7.0328
CEB7F9DB-470C-4D,2D96CBE0-414,2020-04-28,38630.08,30500.84,CARTAO_CREDITO,RENEGOCIADO,2027-02-05,9,6.6561
EE6A3C7C-5E96-42,EA1A1A06-74E,2020-08-04,40161.48,43270.36,CARTAO_CREDITO,RENEGOCIADO,2025-01-22,19,1.2041
4ABE7EAF-34D8-42,8F0AA1B0-E59,2019-03-08,55198.59,9913.01,CARTAO_CREDITO,ATIVO,2029-05-01,6,6.1215
3B087286-4AE8-49,181E1A92-DAA,2021-04-23,12547.05,11455.99,CREDITO_PESSOAL,RENEGOCIADO,2026-10-21,3,3.3753
7D3664DF-B4F0-45,296BA3E8-2A2,2022-01-22,11458.35,8774.34,CARTAO_CREDITO,ATIVO,2030-09-15,58,6.2651
A2918714-D2BE-44,236EF649-782,2021-09-24,1065.12,1016.71,FINANCIAMENTO_VEICULO,RENEGOCIADO,2026-08-11,41,3.5575
C28ADF4D-D072-40,53C02BFE-5EA,2022-02-03,80355.62,92200.55,CONSIGNADO,EM_ATRASO,2024-12-22,31,6.9583
29F2CF04-257A-4D,34D64374-6C8,2019-03-25,24243.8,5077.54,CHEQUE_ESPECIAL,ATIVO,2025-09-06,46,2.23
180545BC-9AF8-43,713C8530-565,2022-03-22,92881.28,56318.06,FINANCIAMENTO_VEICULO,ATIVO,2024-08-10,26,3.9894
193B61F2-ECCD-4D,233320B6-644,2021-04-22,74377.85,1856.28,CONSIGNADO,ENCERRADO,2026-03-02,24,7.6039
B41E1318-DF2D-4E,A29C29B5-83F,2021-05-17,44309.89,14652.43,CONSIGNADO,ATIVO,2028-02-13,31,1.458
A43A346B-C38E-40,E312D44E-3D8,2023-07-25,34044.54,5918.05,CONSIGNADO,RENEGOCIADO,2027-11-25,11,3.832
6248E552-E29E-43,2ADD4393-5A3,2023-11-11,12641.21,7660.09,CONSIGNADO,ATIVO,2028-06-30,53,6.411
0CA670C7-B551-40,792CB343-994,2019-03-10,86255.74,9783.89,CREDITO_PESSOAL,ATIVO,2025-01-18,5,2.787
11D087A8-E669-4D,AEF073B0-AEE,2021-04-14,72470.22,9668.32,CONSIGNADO,EM_ATRASO,2028-02-01,57,3.1512
6EB8FD6B-EC37-4A,546E609B-C22,2020-04-15,41938.64,10457.76,FINANCIAMENTO_VEICULO,ATIVO,2029-04-08,58,7.28
C9238409-D85B-49,98ACCAA5-832,2018-01-03,71538.81,7602.38,FINANCIAMENTO_VEICULO,RENEGOCIADO,2030-09-11,21,3.189
04E4FDEC-AE78-46,3E7FC973-929,2024-02-02,94421.16,71085.18,CREDITO_PESSOAL,RENEGOCIADO,2024-01-21,13,2.7571
BBAD6287-B289-4F,DB44B012-FE0,2019-01-07,89331.7,66727.07,FINANCIAMENTO_VEICULO,RENEGOCIADO,2024-12-31,30,1.0227
84B64E84-05FB-4D,57922564-3CD,2018-05-31,10874.46,8131.8,CARTAO_CREDITO,ATIVO,2025-05-29,29,2.4418
458A941E-B53C-43,738B42B8-05F,2023-11-10,22554.83,2346.73,CARTAO_CREDITO,RENEGOCIADO,2025-10-26,2,8.0189
C077E954-D3F9-4F,F876C55C-CD8,2022-04-09,96498.57,52171.75,CREDITO_PESSOAL,RENEGOCIADO,2026-11-29,1,1.036
650F9440-E819-4E,1E198149-363,2021-07-23,57188.77,43781.4,CREDITO_PESSOAL,ENCERRADO,2028-06-21,47,1.2408
B86AEE7C-87B8-44,5994C2BD-463,2019-09-01,89487.15,45042.5,CREDITO_PESSOAL,ATIVO,2025-05-18,27,7.4995
B207BE20-4572-4F,5F849726-BC6,2019-12-08,20974.65,18387.36,CREDITO_PESSOAL,ATIVO,2025-05-15,17,7.5647
BEAF6C5C-7227-49,2ADD4393-5A3,2022-06-10,47566.14,48008.39,FINANCIAMENTO_VEICULO,ENCERRADO,2027-01-30,59,6.5973
3ED4DF62-BF8A-4B,37D042F3-091,2018-09-13,15012.61,3950.54,FINANCIAMENTO_VEICULO,EM_ATRASO,2025-06-01,48,1.3643
8223E875-BA91-48,93A055BD-B4A,2020-12-07,8383.8,8875.51,FINANCIAMENTO_VEICULO,ATIVO,2026-07-07,34,7.0115
3FC7F243-C915-43,8C5E1F11-854,2019-02-05,94170.11,87605.63,CREDITO_PESSOAL,ENCERRADO,2026-09-02,18,7.879
8ABFD45F-92E2-46,546E609B-C22,2018-09-22,42545.66,15588.41,FINANCIAMENTO_VEICULO,EM_ATRASO,2028-10-05,17,3.3006
AAFE9FF6-8D02-45,EEA42A8D-8B7,2022-11-10,76244.36,20484.09,CREDITO_PESSOAL,EM_ATRASO,2024-02-09,28,1.0597
C726BC2D-602E-4D,2A85F43E-231,2019-02-28,32696.06,30889.82,CARTAO_CREDITO,ENCERRADO,2029-05-02,60,5.8301
B68127A7-1541-42,9BD37035-C63,2021-04-05,93169.16,68771.87,FINANCIAMENTO_VEICULO,ENCERRADO,2025-03-06,49,6.0637
6E64154E-D67B-4D,85A782A1-AF3,2018-07-06,94674.67,59154.65,FINANCIAMENTO_VEICULO,RENEGOCIADO,2030-06-19,54,6.0707
B9AC90D0-AC77-48,9AFEBC11-DCD,2018-08-08,32462.36,27912.62,CARTAO_CREDITO,ENCERRADO,2024-02-26,18,1.6199
B2D9B7A6-EC78-4B,0846E910-845,2021-02-13,67531.14,49236.84,CREDITO_PESSOAL,RENEGOCIADO,2027-06-09,54,4.637
33A6FE85-B982-47,77D1C6FE-876,2022-03-01,24192.73,19534.53,CONSIGNADO,RENEGOCIADO,2026-10-15,28,6.6447
33680806-AFC7-4F,5C525AD3-E0B,2022-10-14,48042.64,5181.21,CONSIGNADO,EM_ATRASO,2025-10-01,54,8.124
E61FD081-085F-43,FF7FBC12-858,2023-06-05,83749.97,7368.21,CREDITO_PESSOAL,ATIVO,2026-11-06,1,6.9228
75AAC6F7-8AD8-41,4912A64A-776,2019-04-19,21819.54,465.25,CONSIGNADO,EM_ATRASO,2030-12-20,26,5.089
AFB7953A-4C7D-44,BB2AA7BB-CDF,2018-03-15,69804.86,21567.29,CONSIGNADO,EM_ATRASO,2025-11-23,37,0.9636
0EEBE553-16F8-4F,E1379B0F-C24,2021-12-22,72563.84,54842.47,CARTAO_CREDITO,EM_ATRASO,2029-06-01,59,5.193
94A90F0E-BF80-43,CE3CBFF5-437,2023-01-05,50467.92,30797.2,CHEQUE_ESPECIAL,RENEGOCIADO,2028-06-19,33,1.1821
F6175600-1CBA-4C,8F20775B-7C4,2019-12-06,94659.46,80665.2,CREDITO_PESSOAL,ATIVO,2028-10-10,41,1.5303
3741CE1B-3DC5-4D,BEABB55D-772,2018-05-25,59884.29,59351.98,FINANCIAMENTO_VEICULO,ENCERRADO,2029-06-21,33,5.7748
BBF640AD-BABA-47,75D5BF65-D16,2023-12-23,89299.61,2662.85,CARTAO_CREDITO,RENEGOCIADO,2029-08-19,52,2.3507
65884DC0-A881-46,60EFE149-B0D,2019-04-28,76332.76,13175.57,FINANCIAMENTO_VEICULO,EM_ATRASO,2030-10-04,9,7.5621
9CF74D50-8409-46,EA5734EE-BA6,2019-10-19,15277.75,14512.31,CHEQUE_ESPECIAL,ENCERRADO,2024-11-29,12,3.3358
35B0D7F6-498B-48,691D59B3-7FE,2018-01-10,48861.55,7698.32,CHEQUE_ESPECIAL,EM_ATRASO,2028-10-22,8,4.0696
6B6408AD-E08F-4D,97FDAD95-A9C,2020-12-05,69062.15,55539.75,CARTAO_CREDITO,ENCERRADO,2027-02-17,51,2.1434
D2CB7604-77CF-4F,B5E7A8A3-801,2019-08-13,65444.64,37221.55,CHEQUE_ESPECIAL,EM_ATRASO,2029-07-07,15,6.1864
60C8BB2A-EAFA-49,EE280395-C68,2019-02-19,86360.32,17866.47,CREDITO_PESSOAL,ENCERRADO,2024-02-18,39,2.7453
F8D4D47F-BB5D-40,6067204C-83B,2023-05-25,3951.27,2698.74,CREDITO_PESSOAL,ATIVO,2028-02-22,42,4.713
88110ADF-32B2-47,5FA92D7D-C05,2021-03-23,7017.8,5721.23,CHEQUE_ESPECIAL,EM_ATRASO,2024-07-25,56,5.9013
89AD5A94-01F5-47,84034CDC-913,2021-09-13,99639.3,15576.89,CHEQUE_ESPECIAL,ATIVO,2030-06-11,24,3.5635
FB81710E-0AD7-4C,B6D52146-CBF,2023-07-07,84914.43,66781.44,FINANCIAMENTO_VEICULO,ENCERRADO,2028-06-07,19,5.9698
AB9F0467-4250-4D,46B176BF-0B9,2021-11-27,18622.43,4515.64,FINANCIAMENTO_VEICULO,ENCERRADO,2026-06-30,34,6.3568
93486E6B-89ED-45,DB44B012-FE0,2018-10-20,10404.73,11497.52,CHEQUE_ESPECIAL,ENCERRADO,2024-12-14,16,3.2688
98F571E2-1CF1-4A,146EACB9-67C,2018-10-29,10646.76,10874.26,CHEQUE_ESPECIAL,ENCERRADO,2024-07-26,7,1.0262
CD83621E-DAA1-45,E284C7C2-092,2018-07-01,33153.24,14219.39,CHEQUE_ESPECIAL,EM_ATRASO,2028-07-16,37,2.9477
F918EA23-C249-40,20217DA6-A62,2021-03-27,52764.46,47098.92,CARTAO_CREDITO,ENCERRADO,2026-05-14,9,7.1354
CE689769-488C-4D,E764C6CE-0B3,2019-11-28,13047.15,3423.17,CARTAO_CREDITO,RENEGOCIADO,2026-10-18,34,6.5951
9A8B4C6C-1E8A-45,9FA5B939-CB2,2023-04-28,88705.21,87740.31,CARTAO_CREDITO,EM_ATRASO,2026-04-28,38,7.1984
F8C99779-A4B9-46,6BF7B311-358,2023-11-28,10930.26,6033.98,CREDITO_PESSOAL,RENEGOCIADO,2029-10-27,14,4.4939
374F87E1-4BC7-46,1E770BBB-B8E,2019-04-03,17360.87,4495.94,FINANCIAMENTO_VEICULO,ENCERRADO,2025-07-29,25,5.8012
41556813-E077-45,213778CE-215,2020-05-06,51828.51,36791.07,FINANCIAMENTO_VEICULO,ATIVO,2028-03-05,7,5.6094
D47C06AF-25A5-4D,DA3556EB-9FA,2024-02-04,7914.05,4087.69,CREDITO_PESSOAL,EM_ATRASO,2030-09-17,35,5.1052
F9800C72-CBB1-4B,006ECDDA-42E,2018-01-13,77374.51,21920.61,CHEQUE_ESPECIAL,RENEGOCIADO,2027-02-13,42,4.1701
94EDBC42-7779-4F,4B4FBDF4-BCD,2019-05-21,74172.73,19730.42,CARTAO_CREDITO,ENCERRADO,2026-05-05,29,1.2712
ACBBF04B-2B64-4B,C8D81C66-FDF,2019-11-24,25395.63,7785.54,CREDITO_PESSOAL,EM_ATRASO,2027-07-06,20,1.04
C4C64AA6-7972-41,0797B716-742,2018-03-04,85704.02,86962.3,CARTAO_CREDITO,EM_ATRASO,2026-08-10,59,3.5418
B565F956-4C95-43,051E9946-79D,2019-06-18,65176.17,38053.84,CHEQUE_ESPECIAL,EM_ATRASO,2030-03-10,47,1.5786
71B66BFD-AE14-45,7F4DB55A-F30,2024-03-24,12869.73,7565.47,CHEQUE_ESPECIAL,ENCERRADO,2029-10-20,21,1.2463
AA7F2410-C670-4A,047120EF-D1A,2024-01-01,93082.77,78053.07,CREDITO_PESSOAL,RENEGOCIADO,2029-05-25,38,8.3097
1A461E7A-A617-42,7343E2B3-4BD,2023-10-13,76494.76,84584.7,FINANCIAMENTO_VEICULO,EM_ATRASO,2026-06-16,30,1.3402
59239F07-7DB5-42,FC8D400B-C4F,2019-02-15,37424.28,33145.42,CREDITO_PESSOAL,ENCERRADO,2026-06-05,48,1.0566
27C7F2F1-2190-42,CC8C650E-86B,2022-09-01,77294.67,33895.6,FINANCIAMENTO_VEICULO,ATIVO,2028-07-02,14,6.6947
CF1FE513-7027-49,5B92290F-E34,2018-10-10,23676.33,2719.22,FINANCIAMENTO_VEICULO,ATIVO,2025-03-03,38,3.3594
517B37C0-7E91-4C,B92A73D1-35A,2020-09-30,74484.54,2189.55,FINANCIAMENTO_VEICULO,ENCERRADO,2025-04-12,54,2.2654
DD635B6F-B834-42,793C00B9-31F,2023-07-12,68675.3,18193.51,CONSIGNADO,ATIVO,2029-03-25,1,6.7595
3965CA9B-3E64-44,41532C01-314,2020-05-15,21883.48,14400.9,CARTAO_CREDITO,RENEGOCIADO,2025-02-03,52,4.9461
5517546B-D968-4D,A429C6B3-E53,2018-03-01,14144.07,827.02,CREDITO_PESSOAL,EM_ATRASO,2029-10-20,9,1.1471
37604328-B037-4F,DEAB7370-795,2020-01-18,14816.1,1644.22,CREDITO_PESSOAL,RENEGOCIADO,2027-05-07,9,3.0989
AF9508B0-5334-4C,AACCEFAB-AA1,2020-09-25,56108.62,60116.42,CHEQUE_ESPECIAL,EM_ATRASO,2027-08-08,4,6.7118
D584127C-C2B7-45,9AB96346-B5B,2018-04-09,94529.97,90715.66,CREDITO_PESSOAL,ENCERRADO,2028-04-24,52,7.847
375398C2-3DCE-44,8E42EDA2-06B,2019-06-14,44395.15,32457.12,CARTAO_CREDITO,RENEGOCIADO,2025-10-12,59,7.7098
2050E77B-C2FB-43,2D96CBE0-414,2023-05-07,72961.63,52138.97,CONSIGNADO,ATIVO,2026-08-17,21,6.154
3BEF67EF-511A-4F,219B700E-7A4,2024-01-10,70320.87,903.64,CARTAO_CREDITO,RENEGOCIADO,2030-01-19,56,6.9656
8EB2590B-C5F5-48,EB7A7F06-70E,2021-08-11,93442.01,28267.31,FINANCIAMENTO_VEICULO,EM_ATRASO,2029-01-03,48,6.1671
498A87F5-4FB6-46,8F20775B-7C4,2023-01-06,54093.62,4941.94,CREDITO_PESSOAL,EM_ATRASO,2026-01-29,3,8.2669
16AC0784-F321-4B,6067204C-83B,2022-01-20,26399.85,28129.81,CARTAO_CREDITO,EM_ATRASO,2027-08-27,27,4.5295
F0502BF3-B9BE-41,504B56C9-75C,2019-12-15,98700.53,1091.9,CARTAO_CREDITO,ATIVO,2028-05-31,42,4.6378
6812DFC2-3029-4C,EDA8FD63-D39,2020-09-21,31937.93,27044.1,CARTAO_CREDITO,ATIVO,2024-10-20,15,7.6088
760BEF32-B4EB-4E,5C525AD3-E0B,2018-05-17,86477.48,7800.62,CREDITO_PESSOAL,ATIVO,2028-05-06,41,4.4864
F1F0F062-D42B-49,CBE4CDFF-95E,2021-01-18,57305.66,55548.64,FINANCIAMENTO_VEICULO,EM_ATRASO,2027-06-21,34,2.7818
756BC4EB-79EE-4D,1ACA01CF-632,2021-04-18,97639.18,1521.63,CARTAO_CREDITO,ATIVO,2027-04-14,46,3.975
7005BA31-037F-41,FB5078CF-178,2023-03-08,85000.85,24625.36,FINANCIAMENTO_VEICULO,ENCERRADO,2027-04-26,47,8.2518
4AAD71E6-EB9F-46,FB5078CF-178,2022-01-19,81068.0,32723.74,FINANCIAMENTO_VEICULO,ATIVO,2027-03-01,58,5.0473
7E65A7FD-CDC3-4B,236EF649-782,2022-06-12,60698.65,60008.45,FINANCIAMENTO_VEICULO,ENCERRADO,2027-07-19,29,4.0498
D5A72F41-4009-4F,91F40B50-DE2,2018-06-11,8773.98,1941.49,FINANCIAMENTO_VEICULO,EM_ATRASO,2024-11-20,6,8.4056
E4800BDA-F640-49,285DFD16-5DD,2019-03-14,11654.48,8947.44,FINANCIAMENTO_VEICULO,EM_ATRASO,2025-12-25,44,5.8656
A974AFBA-3249-45,6F8558C4-4CE,2022-02-16,6457.89,5013.21,CONSIGNADO,EM_ATRASO,2030-09-30,2,3.1737
6CE89882-00A1-4E,E92C543B-BF7,2022-12-04,11330.52,12249.38,CARTAO_CREDITO,RENEGOCIADO,2026-11-17,5,5.666
8FC0BC19-74B8-44,B281A3AB-272,2023-06-07,68534.39,37911.94,FINANCIAMENTO_VEICULO,ENCERRADO,2025-02-19,41,1.107
4175F629-B886-48,4017D0E3-823,2019-10-03,96260.78,25317.01,CHEQUE_ESPECIAL,ATIVO,2030-07-19,30,3.8954
C2545FA7-0EF9-4D,0B5F2C84-E62,2022-03-20,6262.12,2608.52,CARTAO_CREDITO,RENEGOCIADO,2029-09-19,17,7.8889
DA2A710B-8434-40,88A9F6D0-A64,2021-03-04,28167.34,19231.86,CREDITO_PESSOAL,ENCERRADO,2026-10-26,44,3.174
2AA2ED76-86B6-49,F67A0408-FB3,2020-01-29,94176.67,58726.57,CONSIGNADO,ATIVO,2024-12-26,55,6.9525
E018537B-8A93-44,0B5F2C84-E62,2019-06-05,24586.84,12552.14,CREDITO_PESSOAL,EM_ATRASO,2029-07-12,60,6.2853
4136B3F9-673F-4D,E122327A-013,2023-02-18,81793.56,14779.01,CREDITO_PESSOAL,ATIVO,2026-12-26,59,7.2251
9929F8CE-A7F5-41,B9EF1743-CFB,2021-06-06,97155.21,101615.82,CARTAO_CREDITO,ATIVO,2030-06-10,43,3.1834
57B738FF-0F2E-40,271A9EB9-8FA,2024-02-08,34305.82,30012.5,CREDITO_PESSOAL,RENEGOCIADO,2026-08-19,57,8.2727
121B19CF-E5D9-43,A0CC7440-D51,2021-03-30,58213.92,43137.38,CONSIGNADO,RENEGOCIADO,2030-04-13,2,5.759
6BF83CC5-77C4-45,2C3A8435-570,2022-06-16,47920.79,13441.33,FINANCIAMENTO_VEICULO,RENEGOCIADO,2026-11-09,55,5.2057
91478051-4674-49,A720359B-3BD,2018-07-05,92560.71,48194.42,CREDITO_PESSOAL,ENCERRADO,2027-01-28,55,1.9397
0FB0AA51-A628-4A,D9D54CB1-809,2024-01-13,11595.73,1328.39,FINANCIAMENTO_VEICULO,ATIVO,2028-09-30,9,7.3194
B42A3030-2E33-42,BCE54E5E-808,2022-11-18,57379.16,20232.08,FINANCIAMENTO_VEICULO,RENEGOCIADO,2028-10-07,45,8.1181
E5132CF9-4BD3-47,FA9FD845-79D,2018-12-01,75478.18,60071.81,CONSIGNADO,ATIVO,2030-09-29,13,7.6848
833601ED-5926-4B,B9D30B5C-4C4,2019-06-01,16786.34,16188.65,CREDITO_PESSOAL,ENCERRADO,2025-04-08,29,4.1513
87AE36A9-D8F7-41,5950E6C7-791,2018-03-05,58147.39,56535.59,CONSIGNADO,EM_ATRASO,2028-09-18,49,7.4016
62BED0F2-DC14-42,08EFA536-02F,2022-03-16,32196.61,4323.76,FINANCIAMENTO_VEICULO,ENCERRADO,2030-08-18,42,5.966
B5296C86-ED3B-45,0242103B-775,2021-05-26,98038.79,54674.0,CREDITO_PESSOAL,RENEGOCIADO,2029-05-09,31,7.8586
88AF679A-A9A9-47,60EFE149-B0D,2021-12-26,99438.6,31069.14,FINANCIAMENTO_VEICULO,RENEGOCIADO,2024-08-14,9,8.2633
D69E1860-7420-4B,F2D061CE-C82,2018-12-17,99604.19,85893.51,CREDITO_PESSOAL,EM_ATRASO,2027-03-01,17,5.5563
B26E35E4-B178-41,1F24789D-4C1,2024-01-14,4060.22,3878.86,CREDITO_PESSOAL,RENEGOCIADO,2027-08-19,9,3.6506
2AB4CC34-1224-46,BCE54E5E-808,2020-11-24,99339.48,24729.57,CREDITO_PESSOAL,EM_ATRASO,2028-01-02,22,6.4407
18CB1F00-2280-47,77045CFA-9DD,2022-05-18,71097.11,53512.67,FINANCIAMENTO_VEICULO,ENCERRADO,2026-09-18,53,3.4046
ED8F5A07-55CB-40,CF219331-A32,2021-09-29,27512.96,5813.65,CARTAO_CREDITO,EM_ATRASO,2026-06-02,50,0.876
CBF5FCF9-C067-45,9F0D86B7-8D7,2023-04-10,45207.12,24456.33,CHEQUE_ESPECIAL,ENCERRADO,2029-04-28,25,5.2027
2CED930F-DAC8-4B,75D5BF65-D16,2023-08-02,67389.02,68254.49,CARTAO_CREDITO,EM_ATRASO,2025-10-07,48,7.5868
F38BCC5C-9630-4A,76717AEE-F5C,2018-04-04,98260.15,92309.77,CHEQUE_ESPECIAL,RENEGOCIADO,2028-10-01,52,5.498
6621893C-A993-47,EE6D2BA3-B6F,2023-03-19,3595.71,2630.82,FINANCIAMENTO_VEICULO,EM_ATRASO,2026-12-18,35,2.1281
16F28D1A-E668-4D,72F142F8-475,2021-03-15,90494.62,62448.17,CHEQUE_ESPECIAL,EM_ATRASO,2024-07-08,4,8.1959
718A1406-4DF4-45,D07D1A89-C38,2019-02-25,60514.14,27704.51,FINANCIAMENTO_VEICULO,EM_ATRASO,2026-07-06,31,4.6171
204C28F5-9E01-47,CA44260F-822,2020-11-14,78202.46,61222.96,CHEQUE_ESPECIAL,EM_ATRASO,2029-07-04,7,4.0346
692582E8-5874-4F,0797B716-742,2019-04-03,29148.7,33352.59,FINANCIAMENTO_VEICULO,ENCERRADO,2028-10-20,38,3.3693
A77E951E-8264-40,F369784D-213,2019-12-13,85525.72,67529.64,CREDITO_PESSOAL,ENCERRADO,2027-11-11,3,1.5631
C90E244C-E268-4B,148829F6-E46,2023-05-06,60840.58,24396.2,CONSIGNADO,ATIVO,2029-05-21,40,4.7241
D2C31394-E806-4E,213778CE-215,2018-07-08,21211.89,11666.25,CARTAO_CREDITO,ATIVO,2026-03-16,14,6.6075
BA1513B7-7FC7-49,1B922371-F6B,2018-03-17,75078.29,71215.63,CHEQUE_ESPECIAL,ENCERRADO,2029-05-21,20,2.5841
89D79F20-2027-4F,790D77CE-DBE,2019-12-21,83204.6,41354.8,CREDITO_PESSOAL,EM_ATRASO,2025-02-04,36,0.8291
F894F723-357C-45,7BA65E1D-25B,2021-12-14,69822.04,54017.94,CONSIGNADO,ATIVO,2025-04-28,42,6.1458
F141D30E-3A30-4F,07C93CA1-3B6,2020-12-12,57450.12,19855.13,CARTAO_CREDITO,ENCERRADO,2024-10-06,7,4.9765
B3A03C85-1F8A-4E,CBE4CDFF-95E,2019-01-22,55553.14,63470.63,CREDITO_PESSOAL,RENEGOCIADO,2028-01-03,38,3.4864
6EABFE8E-E318-42,107243F2-368,2018-04-23,97739.83,73456.67,CHEQUE_ESPECIAL,ENCERRADO,2030-04-24,53,7.7757
99AF8956-DC7A-4B,1F53D01C-A6D,2022-04-26,98146.78,112053.72,FINANCIAMENTO_VEICULO,RENEGOCIADO,2030-07-02,17,1.9872
1BCD9BF7-2A36-44,994A8BF3-4CF,2020-02-13,57608.84,61425.96,CONSIGNADO,ENCERRADO,2029-05-26,23,7.5801
25C3AD10-FC9E-45,3112BA40-37C,2021-03-21,67755.6,68969.12,CHEQUE_ESPECIAL,EM_ATRASO,2028-04-25,16,4.4501
806A1DC8-FFA7-4D,0846E910-845,2024-03-02,48194.42,16986.84,CREDITO_PESSOAL,ATIVO,2026-09-24,1,7.0855
974A92F6-D656-40,11268A8C-814,2023-04-30,73237.49,73627.86,CHEQUE_ESPECIAL,ATIVO,2029-02-02,37,2.3735
107CC795-3A41-49,992C185E-9D9,2018-07-10,7924.69,1443.41,CREDITO_PESSOAL,EM_ATRASO,2026-03-21,11,4.0688
0A6CF248-F182-48,166B14B8-23B,2021-06-04,61930.23,10376.0,CONSIGNADO,ENCERRADO,2029-03-23,10,3.8382
045570B3-ADEB-4E,C69A6927-B72,2023-06-20,56055.92,29741.71,CONSIGNADO,ENCERRADO,2029-09-20,57,5.9283
DC120452-EC82-40,41532C01-314,2018-11-21,57154.86,17641.49,CHEQUE_ESPECIAL,RENEGOCIADO,2028-12-17,11,4.6995
6B4F0318-E90B-49,A0CC7440-D51,2024-01-15,48272.63,27638.15,FINANCIAMENTO_VEICULO,ATIVO,2024-08-01,19,0.9387
3686EEAB-1D63-40,EE280395-C68,2019-11-09,38250.28,38356.79,CONSIGNADO,RENEGOCIADO,2030-12-16,51,3.7329
8F73316B-01A0-4B,BCE54E5E-808,2019-02-15,18672.78,16091.27,CREDITO_PESSOAL,RENEGOCIADO,2026-06-21,5,5.926
2CEF7A37-3850-4A,5374F3F0-0EA,2018-03-24,5494.46,115.31,CREDITO_PESSOAL,ATIVO,2024-02-02,30,7.0037
B124BC9E-2274-48,AA8190E5-D52,2021-02-20,56894.49,8810.04,CHEQUE_ESPECIAL,ENCERRADO,2029-02-12,4,8.4105
537FF1E8-D14A-48,DD6841A6-5EB,2023-12-08,18413.23,7716.52,CARTAO_CREDITO,EM_ATRASO,2030-12-15,26,2.5095
158E75C2-C3CB-47,738B42B8-05F,2020-05-08,36081.65,1243.33,CREDITO_PESSOAL,ENCERRADO,2024-09-15,43,1.4118
F5032BB0-454C-4E,DFCE968F-DC0,2023-09-25,88284.8,73026.31,CREDITO_PESSOAL,EM_ATRASO,2028-06-08,29,7.2938
F93B3B62-69B3-4A,C051EB60-892,2020-06-15,95461.99,10059.1,FINANCIAMENTO_VEICULO,ATIVO,2024-07-08,47,6.1696
2F4892A0-9CFA-41,D26F315A-41A,2023-03-04,7027.65,5366.97,CREDITO_PESSOAL,ENCERRADO,2025-01-12,58,8.1234
F09D1B52-D83C-47,04A1E508-594,2023-08-09,36266.33,39686.64,CHEQUE_ESPECIAL,ATIVO,2026-01-27,7,6.2335
AF43B6FA-9D03-49,DC53D190-D5E,2022-12-29,70169.72,80508.1,CHEQUE_ESPECIAL,RENEGOCIADO,2026-05-22,16,7.2204
42AFCAD4-8DF6-45,905C50CD-4F3,2018-07-01,48366.88,35243.06,CARTAO_CREDITO,ATIVO,2025-02-04,43,7.5847
7703F08B-02CA-47,A64FBE33-90A,2019-10-03,29297.74,5788.52,CARTAO_CREDITO,ENCERRADO,2025-10-14,47,6.015
B2DA2C0E-8398-4F,02634C63-DC6,2022-08-31,26477.17,29925.8,CARTAO_CREDITO,ENCERRADO,2029-11-17,25,3.3767
B4C071FE-DAC7-4A,63CAA8BC-147,2022-07-09,84724.35,57832.48,CARTAO_CREDITO,ENCERRADO,2027-07-06,55,1.4546
5220C4D9-E08B-4B,EEA42A8D-8B7,2024-02-01,95036.38,27273.91,CARTAO_CREDITO,EM_ATRASO,2029-04-13,6,1.2939
9BD87268-155F-42,20868332-9FC,2018-05-14,55932.7,54894.02,CREDITO_PESSOAL,EM_ATRASO,2024-08-03,6,7.6852
63FDA352-5CE6-43,9EABD0F1-1A2,2019-04-06,74762.82,79333.26,CONSIGNADO,EM_ATRASO,2030-11-08,59,7.6858
D8598850-2893-47,D5F20AA9-918,2018-08-27,92139.62,66451.89,CHEQUE_ESPECIAL,RENEGOCIADO,2028-07-21,39,6.8095
51A40E86-64BD-47,5994C2BD-463,2021-01-27,79984.34,64643.37,FINANCIAMENTO_VEICULO,RENEGOCIADO,2030-10-22,28,4.012
95B03FDC-E3E3-47,BEABB55D-772,2023-08-20,84810.96,25033.55,CREDITO_PESSOAL,RENEGOCIADO,2025-09-05,21,4.4359
ACA5973D-FF0A-43,5C525AD3-E0B,2020-01-06,1318.88,414.62,CREDITO_PESSOAL,RENEGOCIADO,2026-12-04,49,1.2381
71D5AAD1-89AD-46,03B70411-818,2023-08-11,59270.96,17957.31,FINANCIAMENTO_VEICULO,ATIVO,2029-07-08,22,7.366
4293FA06-8D54-41,AA8190E5-D52,2019-10-15,88041.09,74794.39,FINANCIAMENTO_VEICULO,RENEGOCIADO,2025-03-23,51,1.6917
6BC776E4-A4D0-47,11391EE6-64E,2019-02-02,56394.81,53656.16,FINANCIAMENTO_VEICULO,ATIVO,2028-02-20,36,0.9622
F6249227-83F2-40,1B87EAB7-241,2021-09-14,8026.04,4607.74,CREDITO_PESSOAL,RENEGOCIADO,2024-06-21,36,2.1121
DE35569B-AD8C-47,556C7FF2-FC8,2021-08-28,49444.5,31182.78,CARTAO_CREDITO,EM_ATRASO,2027-01-14,47,3.0306
54822DCB-2AE5-4B,EA4F0409-381,2021-02-16,90279.7,94076.64,CHEQUE_ESPECIAL,EM_ATRASO,2025-08-16,48,3.9139
14FC94B4-2532-4B,BB2AA7BB-CDF,2024-01-16,79201.9,1710.73,CARTAO_CREDITO,EM_ATRASO,2024-06-27,5,3.3287
8214920C-0FB2-48,F05B4624-6F9,2023-09-28,12823.97,6463.19,FINANCIAMENTO_VEICULO,ENCERRADO,2028-08-09,33,2.7409
7F31B118-F05B-4E,4524AB53-1F4,2018-06-26,61933.67,70792.96,CREDITO_PESSOAL,ENCERRADO,2026-11-09,5,3.9646
48FF5E5B-719A-45,87840CD3-C53,2021-04-22,56562.27,32842.64,CHEQUE_ESPECIAL,ATIVO,2028-12-28,25,5.8779
D44FF2B3-CA69-4A,790D77CE-DBE,2018-06-30,8320.32,6251.79,FINANCIAMENTO_VEICULO,ATIVO,2026-12-20,15,4.0797
3D91F86C-ED0B-43,DEAB7370-795,2020-07-13,57889.76,10263.03,CONSIGNADO,RENEGOCIADO,2028-05-22,27,6.4764
A09D7684-E85A-40,50375792-33E,2019-05-13,68475.46,24639.0,FINANCIAMENTO_VEICULO,ATIVO,2027-08-13,3,1.0256
270F2302-F7DA-41,EA1A1A06-74E,2023-02-16,49684.24,794.34,CREDITO_PESSOAL,ATIVO,2030-01-08,57,0.8459
3903E65F-2D87-4B,4094B3F2-508,2024-03-17,89962.67,94413.84,CREDITO_PESSOAL,ENCERRADO,2029-09-07,19,8.2992
FD77B56A-41FF-43,E764C6CE-0B3,2023-12-09,36577.66,18373.73,FINANCIAMENTO_VEICULO,RENEGOCIADO,2029-05-29,52,1.1522
9442DF7E-60B9-4F,6A6E452F-04F,2019-01-14,43073.02,6500.19,CONSIGNADO,ENCERRADO,2025-12-25,36,6.6499
7C11CE7A-4148-44,84034CDC-913,2020-11-26,30289.59,30100.43,CHEQUE_ESPECIAL,ATIVO,2030-08-21,51,1.963
78BCB55B-9887-44,D83FBE0D-126,2019-12-25,36556.84,19022.22,CREDITO_PESSOAL,RENEGOCIADO,2029-12-30,15,2.3113
39FC15A3-F1AE-48,6D7513BA-8D9,2021-02-22,95396.72,50889.1,CARTAO_CREDITO,ATIVO,2025-11-29,44,6.7318
CC89F62C-BDEE-46,E8633C66-07D,2021-01-01,34856.61,23409.59,CREDITO_PESSOAL,RENEGOCIADO,2028-05-20,38,6.4558
376350DE-51B0-4B,60EFE149-B0D,2018-04-30,53573.75,53019.27,CARTAO_CREDITO,ENCERRADO,2025-11-07,22,6.6161
14291A5E-69EB-4A,77045CFA-9DD,2020-06-04,79860.93,5586.46,FINANCIAMENTO_VEICULO,ATIVO,2024-02-29,56,5.107
4381AC41-5AEE-43,905C50CD-4F3,2018-06-07,4311.03,1773.25,CARTAO_CREDITO,RENEGOCIADO,2025-11-20,46,1.1639
C4E25963-8007-43,A9FB5ADD-217,2023-02-18,65550.18,54145.13,CARTAO_CREDITO,ENCERRADO,2028-03-02,60,3.3953
FE6D13D7-1AEF-4C,DA3556EB-9FA,2019-03-09,35498.37,36041.83,CREDITO_PESSOAL,ATIVO,2028-05-22,29,7.7224
A1833875-D166-47,75C86A71-122,2022-08-21,75451.07,37795.85,CHEQUE_ESPECIAL,RENEGOCIADO,2027-11-23,35,7.4193
0E700D05-781E-46,A1DE839C-A8F,2022-04-30,92407.35,79298.61,CARTAO_CREDITO,ENCERRADO,2028-01-13,16,8.3523
8103C15E-7900-46,DA3556EB-9FA,2019-08-15,37883.81,21268.09,CARTAO_CREDITO,ENCERRADO,2025-12-29,21,7.5228
9DDA8637-9262-4A,8026763A-38A,2018-03-22,36278.89,33588.2,FINANCIAMENTO_VEICULO,EM_ATRASO,2024-03-16,40,4.1818
D2424F2C-69E8-41,9AFEBC11-DCD,2020-04-16,80175.29,42697.32,CONSIGNADO,RENEGOCIADO,2025-01-31,53,7.2691
797AD9F1-D7E9-43,F3E193F3-059,2021-03-23,91519.37,66937.19,CARTAO_CREDITO,ATIVO,2024-07-27,41,0.8344
E74622D1-8BE1-4D,93A055BD-B4A,2023-10-12,39256.24,24374.19,CREDITO_PESSOAL,ENCERRADO,2030-04-27,15,8.1508
0C33093D-675F-47,C5A04C8D-3A9,2018-09-11,75768.52,24105.85,CHEQUE_ESPECIAL,EM_ATRASO,2028-08-23,1,6.2587
4893F889-4BD8-4F,146EACB9-67C,2023-07-27,61117.43,59924.3,CARTAO_CREDITO,RENEGOCIADO,2027-02-04,37,7.439
F28A7B64-6C48-49,46371F29-E43,2018-01-22,68482.54,37039.27,CREDITO_PESSOAL,EM_ATRASO,2029-03-29,57,5.5016
91A2F464-1C56-4A,3ED1676C-CAA,2021-07-13,5568.42,5317.25,CONSIGNADO,ENCERRADO,2024-08-24,17,4.4182
03476435-1F6D-43,8060E53B-831,2018-04-07,13085.58,9854.51,CHEQUE_ESPECIAL,RENEGOCIADO,2028-10-08,17,3.6361
8E7DC979-EE73-45,77BA6002-F5E,2018-07-15,99779.85,502.94,CREDITO_PESSOAL,ATIVO,2025-04-29,58,5.5985
2FD57B32-8DB7-4E,DD6841A6-5EB,2023-07-04,92797.21,34978.8,CREDITO_PESSOAL,EM_ATRASO,2029-05-29,14,7.7524
