cd_cliente,nr_cpf_cnpj,nm_cliente,dt_nascimento,cd_segmento,cd_agencia,vl_renda_mensal,fl_ativo,dt_cadastro,cd_gestor_relacionamento
B9051391-3D6,83167402571,Bella Novaes,1950-08-29,PJ_MEDIO,5610,,False,2020-09-23,DD65094B
0F8DC42A-25D,19382745637,Ryan Sousa,1984-11-05,PRIME,4302,,False,2018-10-02,
ACCEA82D-41B,80761945202,Srta. Emilly Pires,1967-07-26,PRIVATE,5265,,False,2020-01-24,277E1D21
BD911313-2AE,39724801640,Srta. Cecilia Novais,1952-08-02,PJ_PEQUENO,9385,61946.31,True,2017-01-27,
BF442931-DE3,30578629429,Daniela da Paz,1960-02-10,VAREJO,7348,64663.91,True,2017-03-30,
580E32F6-0D2,62789345074,Sophia Pimenta,1976-10-15,PRIME,5970,29833.66,True,2022-04-07,
721FF9AF-F4D,15896037295,Emanuella Santos,1970-08-14,PJ_MEDIO,5134,18519.28,True,2018-06-23,D2980DA6
D7D1106B-FD0,63719852059,Benício Pastor,1951-02-10,PRIME,3964,69038.1,True,2020-08-08,
FE644003-AEF,94683520729,Dom Aparecida,1984-11-10,PRIVATE,8501,78762.01,True,2020-07-06,
ED54B1F5-7A3,02549736800,Dr. Caio Abreu,1993-01-29,PJ_MEDIO,5675,63907.75,True,2015-11-15,636C8A47
EEDCF728-FC1,29376081404,Srta. Ana Sophia Nascimento,1959-08-16,VAREJO,1511,50113.22,True,2018-01-28,F67C3B29
5FBA8E9F-F70,70826431526,Luigi Rios,1950-01-01,PRIVATE,8291,31441.54,True,2016-02-03,7D70E5FD
76B25783-839,07124983622,Dr. Gustavo Henrique Rios,1954-10-21,PRIVATE,4527,52193.11,False,2023-04-27,
0C9B366A-276,18296543737,Luiz Gustavo Fernandes,1983-06-13,VAREJO,5587,34272.73,True,2018-05-03,
2842385F-B40,52461893764,Julia Guerra,1953-02-20,VAREJO,5948,12634.29,False,2023-12-24,
650405CC-B5A,47823501635,Dr. Juan Oliveira,1968-05-12,VAREJO,1497,,False,2016-12-16,19737A6F
34D64BD6-272,30685419215,Hellena Câmara,1951-04-16,VAREJO,2410,58397.51,False,2021-07-02,
D354533C-49F,62058193768,Júlia Viana,2000-01-05,PRIVATE,5424,3270.88,False,2015-09-17,
E12DEF15-767,12804763544,Maria Luiza Pimenta,1963-10-03,PRIME,2067,32706.81,False,2015-05-03,78577212
4572932B-346,27184509676,Gustavo Duarte,1953-05-02,PJ_PEQUENO,8085,66690.42,False,2016-12-17,B84362E5
9C8D427B-60F,61259387003,Maria Isis Lopes,1951-03-11,PJ_MEDIO,1721,53043.89,False,2022-12-17,
7639FA4E-AC0,84270531690,Heitor Cirino,1975-04-06,PJ_PEQUENO,4321,64452.37,True,2022-07-12,BA713F44
6EF3F89B-758,49865730120,Anthony Dias,1974-05-26,PRIME,4847,55639.5,True,2022-04-17,
912676CF-EE1,42179306580,Eduardo Cirino,1953-12-16,PJ_MEDIO,8132,45377.14,False,2023-11-18,E2C401B1
1AE6B0EE-82D,07526189386,Camila Nunes,1970-10-09,VAREJO,5694,30076.73,False,2020-02-12,
C295C13B-ADE,76490325152,Dra. Zoe Costa,1992-05-22,PJ_MEDIO,3685,30801.5,False,2023-02-22,
EE142379-B1C,59437621080,Dr. Davi Lucas Rocha,1999-06-08,PJ_MEDIO,3387,26675.83,False,2019-07-26,6099D60C
3AA15523-A7E,06172493850,Igor Brito,1965-08-10,PJ_MEDIO,7582,30710.63,False,2023-08-09,4704A604
A0C82E54-B74,78453619255,Vicente Fonseca,1976-03-27,PRIME,9102,54543.29,False,2019-01-15,
078E27EE-34F,20861453905,Camila Marques,1988-09-24,VAREJO,5148,70954.63,False,2019-01-09,D2914D13
2BD381DA-572,01754936261,Sophia Cavalcanti,1991-11-10,PJ_PEQUENO,9834,69151.3,True,2015-06-25,E2323F75
672E57C7-328,96378245029,Augusto Cassiano,1980-10-24,PJ_MEDIO,3376,48505.22,True,2023-12-16,157ED402
0C7C3C64-67D,40129853615,Letícia Souza,1962-07-08,PRIME,7493,,False,2016-04-03,
35A02896-7AE,76391452873,Sra. Mariana Fonseca,1994-12-25,PJ_MEDIO,1687,,True,2017-11-09,8FA4E339
A8CB6193-D49,51630928470,Sra. Ágatha Montenegro,1999-05-21,PRIME,4715,55194.84,False,2020-06-26,
74A565D8-F98,75163924052,Anthony Gabriel Barbosa,1960-06-28,PRIVATE,7116,44553.38,False,2020-11-12,
4224C023-956,40569831784,Ísis Santos,1985-03-29,PRIME,6752,60361.37,True,2017-07-13,
EF45BFF5-C97,45380127690,Sra. Alice Nunes,1990-09-13,PRIME,4085,57721.85,True,2020-07-21,901C9347
1F1694DA-CD4,35796142070,Benjamin Macedo,1962-12-14,VAREJO,6022,20483.92,False,2018-05-25,7C355E30
172E61BF-CA0,76859431075,Ana Luiza Costela,1968-10-09,PJ_MEDIO,2582,76196.72,True,2015-04-07,8360E94C
A0EEC42E-845,87695024392,João Lucas Cirino,1951-06-16,VAREJO,5846,11004.43,True,2024-04-13,
D0B7F9ED-5DD,05482763153,Maria Vitória Souza,1956-05-26,VAREJO,5152,37029.05,True,2019-09-25,910C23A6
2B35A339-697,87095246149,Maria Alice Moura,1982-01-28,PJ_PEQUENO,1173,56278.75,False,2018-11-06,7D9EA6A7
4A0B647D-626,15294803704,Ana Clara Cavalcante,1984-10-14,PRIVATE,4415,25347.25,False,2022-02-14,
C740ABC6-A5F,51836904215,Sra. Isabel Casa Grande,1953-10-04,PJ_PEQUENO,1516,,False,2015-05-08,
E3CED293-917,70398162530,João Lucas Alves,1972-12-12,PJ_PEQUENO,7287,60604.06,True,2019-09-28,
25C25327-DFE,36724901804,Maria Vitória Campos,1981-06-30,PJ_PEQUENO,1447,31327.43,False,2023-07-07,
7816D6AD-A99,60857924338,Dr. Bruno Cavalcante,1957-10-16,PJ_PEQUENO,AGENC-???,44183.19,True,2017-10-02,
A7DDF143-31A,97015382695,Cecília Melo,1958-06-08,PJ_PEQUENO,7223,,True,2021-10-08,43D95417
45D09B3E-2D2,23569187446,Mathias Pinto,1992-02-07,VAREJO,6289,25820.37,False,2017-06-06,
77C6E5EF-897,10753294850,Maria da Cruz,1986-11-02,VAREJO,1168,55180.17,True,2020-09-04,D5B3ED10
B19C3294-817,59486271011,Lorena Vasconcelos,1989-11-15,VAREJO,9225,15726.81,False,2022-10-26,
058B0BD6-B39,19307852405,Anna Liz Lopes,2000-09-10,PJ_PEQUENO,9776,,True,2017-11-03,
05E91CA8-798,03951472804,Léo Fernandes,1960-07-22,PJ_MEDIO,9046,,False,2018-04-16,
F123A68A-3E7,68172450362,Vinícius Cassiano,1964-08-07,VAREJO,5756,48687.95,False,2016-03-25,20E5AFD0
94090016-306,65127394855,Vitória Aparecida,1963-11-21,VAREJO,4262,39348.48,True,2015-01-24,
EDFB0E19-3E7,79108256330,João Lucas Pacheco,1984-09-30,PRIME,7172,4944.16,True,2017-07-04,
7084F376-2CA,26105479867,Heloísa da Conceição,1980-07-05,PJ_MEDIO,9083,19455.5,False,2024-01-25,
F648E8E0-85F,02175639886,Clarice Machado,1960-06-01,VAREJO,3694,12427.62,True,2019-11-30,
CC36533E-CCF,56741389237,Sr. Thiago Vargas,1994-07-06,PRIVATE,8044,3112.2,False,2022-02-13,
74B02BC8-DCD,53476201880,Antonella Mendonça,1998-10-04,VAREJO,7858,38682.15,False,2019-11-23,
4E084081-B87,25849731032,Vitória Rocha,1999-12-31,PJ_PEQUENO,AGENC-???,6616.26,False,2022-06-15,
1AF91BF9-7FB,79304185610,Dra. Maria Luiza Costa,1982-02-01,PJ_PEQUENO,7575,,True,2016-07-17,2F073B99
73BF65C6-E44,50314897666,Alícia das Neves,1960-11-09,VAREJO,3654,8280.64,True,2022-06-15,
81EDE082-098,85019724602,Sr. Ravi Lucca Garcia,1967-08-19,PJ_PEQUENO,9944,30805.37,False,2020-05-11,132B8C5F
2052B6DC-955,45129863089,Jade Guerra,1955-12-30,PRIME,7770,10594.21,True,2017-08-09,
A8518252-638,61428709576,Guilherme da Mota,1968-02-29,PRIME,5920,11957.36,False,2015-02-15,
04219A17-343,81254396098,Maria Laura Almeida,1983-05-13,VAREJO,9359,63364.84,True,2020-11-18,F7A95547
CD3EF84C-5A0,67034195234,João Felipe Cirino,1973-11-08,PJ_MEDIO,9692,2195.31,True,2018-08-01,
327F6DB6-ACE,93428750683,Anthony Gabriel das Neves,1971-11-11,PJ_PEQUENO,4498,16310.36,False,2020-05-13,CD82EA41
E5193D6C-56B,18346270526,Fernando da Costa,1992-12-13,PRIME,2622,15034.81,True,2016-08-21,5656D20D
C8E186EC-DBD,38946125098,Davi Lucca Almeida,1961-05-23,PJ_MEDIO,3382,69103.06,True,2020-05-10,1898E6A2
ABD174D3-4B9,05387946157,Dr. Anthony Caldeira,1996-01-22,VAREJO,3698,20894.82,False,2024-06-01,
B7E52FE0-AA0,09635781466,Breno Melo,1982-06-14,PRIME,5300,33401.73,False,2015-06-25,
B106F35D-97A,65981743255,Bella da Rocha,1978-10-02,PJ_PEQUENO,1453,16619.55,False,2019-05-20,C22D91E7
AFBC2AF8-504,29346085142,Dra. Antonella Rodrigues,1990-05-10,PJ_MEDIO,4681,60265.77,True,2020-05-17,
150B1177-D90,53406298133,Sra. Catarina da Rocha,1995-09-18,PJ_PEQUENO,3576,,False,2020-07-29,
039CE822-578,75846032117,Sara Silveira,1956-09-25,PJ_PEQUENO,1506,34259.34,True,2022-11-25,
21DA41D2-2B6,27063584162,Dra. Eloá da Costa,1963-01-22,VAREJO,7054,23275.07,False,2020-03-17,
947420C4-5BC,86045793200,Heloisa Mendes,1980-08-20,PRIVATE,9770,49015.73,False,2020-04-08,
2A6F0B6C-122,56427813080,Maria Helena Machado,1995-11-19,PJ_PEQUENO,7325,60957.29,True,2020-04-06,
92A4D4BC-26C,43190867593,Lunna Ramos,1980-03-29,VAREJO,9022,78055.29,True,2017-10-27,1CCEBE94
38F3F705-976,50697284310,Maria Eduarda Peixoto,1974-01-23,PRIVATE,5734,48163.05,True,2018-07-06,
BD4C8EFB-123,38257690465,Luiz Miguel Marques,1979-01-31,PRIME,4133,28858.29,False,2017-02-24,30E456FE
C993848E-3C0,02478165902,Maysa Dias,1980-01-21,PJ_MEDIO,7742,23363.99,False,2022-07-06,FA1A6750
35C82E95-FE0,61948203570,Thiago Câmara,1966-11-24,PJ_MEDIO,3281,64476.19,False,2017-02-17,
1ADD9D42-346,36941087501,Gustavo Pacheco,1982-06-07,PJ_MEDIO,6261,,False,2021-07-10,CCE3B469
EB92AE65-7C0,15306729452,Sr. Rael Nogueira,1996-08-30,PRIME,2920,,False,2022-02-28,
40BB945A-235,92654078329,Diego da Cunha,1972-02-29,PRIME,6527,15871.61,False,2019-03-16,AC11F971
1784ECFC-349,10479356270,Srta. Isabel da Costa,1972-01-14,PJ_PEQUENO,AGENC-???,57787.75,False,2021-01-10,
1A30D958-94C,41398072613,Manuela Brito,1980-08-17,PRIME,5173,49069.72,False,2016-05-24,809629FF
9160A6A3-483,23547018617,Luiz Gustavo Vasconcelos,1983-10-14,PJ_MEDIO,7440,,True,2024-02-08,
458338E8-6D1,24061793543,Zoe Siqueira,1972-11-10,PJ_PEQUENO,8450,74877.95,False,2020-09-24,E6DF01C8
4440E697-750,60345278135,Sr. João Gabriel Porto,2000-11-28,PJ_PEQUENO,4263,22357.54,False,2022-01-16,
16400795-2FA,27390186496,Luiz Henrique Porto,1993-12-02,PJ_MEDIO,2770,38894.9,False,2018-07-06,
689DD5BE-828,86759421094,Alícia Silveira,1960-09-18,PRIME,3967,11148.95,True,2015-06-18,
C9880E55-A88,40685973247,Luana Carvalho,1956-04-21,PRIVATE,2760,,False,2016-06-05,7A475FCE
D57B2C8B-EED,39451672800,Calebe Novaes,1958-08-09,PJ_PEQUENO,4356,4635.08,True,2015-02-10,
66CA4289-8FC,61397048557,Valentina Machado,1959-12-31,PRIVATE,5541,23808.77,True,2017-08-02,F9AED7F2
5E78FBCD-353,95032184624,Diego Pimenta,1969-10-11,PJ_MEDIO,5370,74336.35,False,2017-08-26,6711B95A
F36572E4-336,45932618728,Ana Clara Costa,1963-08-12,VAREJO,6189,61344.57,True,2024-01-14,
9F74F1FC-7A4,84203576180,Dra. Manuela Pereira,1984-05-21,PRIME,9875,49879.29,True,2016-01-09,
046E835E-7AD,50174932634,Laís da Cruz,1974-03-14,PJ_PEQUENO,3040,9011.17,False,2017-06-24,
413F0122-F95,92605438198,Yan Vieira,1971-09-18,PJ_PEQUENO,3713,71512.99,True,2018-02-18,E1A5BB3A
F794734A-1B6,13476290506,Giovanna Araújo,1959-08-20,VAREJO,4912,54186.19,False,2021-07-02,
228E3569-252,35841907620,Bryan Ribeiro,1984-09-10,PJ_PEQUENO,4496,19726.19,True,2019-08-01,76A52942
B2EFF35A-14A,94705381610,Miguel Fernandes,1989-11-05,PJ_PEQUENO,3463,59524.4,False,2021-11-24,36F8252C
FF349B78-3CC,26510743906,Sra. Beatriz Moura,1984-02-09,VAREJO,9868,61556.88,True,2022-07-20,9470BE0D
CB6D3B29-9B2,98342561089,Nina Cavalcanti,1994-02-05,PJ_PEQUENO,9584,28369.67,True,2020-08-06,
2EDCB255-931,79026583400,Srta. Ana Guerra,1995-07-15,PJ_MEDIO,7355,67300.19,True,2019-03-08,
3F3B3967-4E7,93567280112,Sr. Thomas da Conceição,1962-12-19,VAREJO,7187,14717.96,False,2017-04-28,0ED2F3AD
D24A4FC9-DA1,13905742888,André Alves,1969-07-21,PRIVATE,6787,33300.53,True,2023-01-07,
E31DFBA2-920,10423576925,Dra. Maria Vitória Ribeiro,1976-01-29,PRIME,7216,48634.2,False,2015-04-10,BE4EEC04
CC25CA3A-BD5,78014563948,Melissa Sales,2000-07-15,PRIME,2059,,True,2019-05-12,
64EDC8FD-525,32746815044,Lunna Ferreira,1980-12-19,PRIVATE,7241,3108.79,False,2023-02-14,
144B0E2F-BCE,41790358205,Dr. João Gabriel Macedo,1989-12-14,PJ_PEQUENO,2465,,False,2017-07-25,
4E66CE6C-035,08349271523,Miguel Lima,1974-02-22,PRIVATE,5257,,True,2017-06-16,AA2F54CF
81336B22-F77,13765240826,Davi Lucas Souza,1996-05-25,PJ_MEDIO,9698,,True,2019-04-12,
73942EFD-05F,53208419651,Nicole Costa,1982-09-16,VAREJO,4745,8562.84,True,2016-01-14,9F882D15
50046259-F79,47628035965,Maria Liz Pacheco,1999-08-06,VAREJO,5102,7721.55,False,2020-01-30,
654D0B25-1AD,73682150471,Gabriela Araújo,1963-05-16,PRIVATE,3320,68892.27,False,2017-01-31,
91EA60A3-3ED,40783251653,Esther Moraes,1970-07-21,PJ_PEQUENO,6105,14580.36,True,2017-08-07,
5CC73E0E-E35,01847523960,Sr. Henry Costela,1958-04-12,PJ_MEDIO,1854,46449.81,True,2018-03-26,33220452
0CA2B7A0-FC9,15903472850,Dr. Noah Barbosa,1999-02-27,PJ_PEQUENO,7934,71751.38,True,2015-03-12,C58558A8
A5175A7C-D41,48301926589,Dr. Ravi Lucca Melo,1967-07-13,PJ_MEDIO,2262,,True,2018-01-07,
1A43BEF3-AE4,21458069389,Ravy Lopes,1966-01-13,PJ_MEDIO,3033,62656.16,False,2023-02-10,
5AB197C6-ED2,94580163206,Sra. Lorena Lima,1966-01-19,PRIME,9743,74673.78,True,2023-10-29,
7DBFC6AA-4C2,10572849397,André Vieira,1950-10-14,PRIVATE,3814,61658.45,True,2020-08-13,053C9AB4
A5A763A3-388,70952346800,Ester Andrade,1995-04-06,VAREJO,7452,,True,2020-04-05,4C341AFE
7E7EA367-117,28195074332,Dom Sousa,1963-12-27,PRIME,4963,69142.53,False,2021-06-08,A0D41ED0
0A671FF0-F9D,25074186994,Mateus Pereira,1975-01-21,PJ_PEQUENO,5027,37213.12,True,2023-01-01,
109A4E7A-4FD,98104263560,Maria Fernanda Nunes,1972-04-08,PRIME,1692,6765.31,False,2016-07-10,
F3977E14-8D8,37145962837,Mirella Cavalcanti,1950-01-19,PRIVATE,8549,43018.1,False,2022-08-07,4A3DE5D4
443F79A6-95D,67528149373,João Lucas Casa Grande,1985-06-09,PJ_MEDIO,9871,58509.44,False,2022-04-05,3560B3ED
589CC97B-0AC,38471509288,Dr. Theodoro Fogaça,1996-08-15,PRIVATE,7638,60503.05,False,2016-11-14,DF29AA14
0416F750-CE5,56278304929,Gabriela da Mota,1995-02-21,PJ_PEQUENO,3068,64679.84,True,2015-10-28,
91C1AA68-24B,57481390223,Mateus Cavalcante,1982-12-21,PRIVATE,2892,48945.07,False,2019-04-17,
77AC2E40-FE1,83605479120,Luigi Macedo,1983-09-23,PRIVATE,7121,3374.25,False,2017-03-24,
DD97DE70-32A,54187296085,Maria Sophia Nogueira,1951-06-10,PRIME,8135,,True,2020-01-17,C20AC6CA
77C98292-F52,71359026886,Brayan Gomes,1962-07-19,PRIVATE,7493,20692.6,True,2017-07-19,6BA857DB
2B60D4B9-26E,03784612903,Cauã Leão,1989-05-22,PRIVATE,8975,32840.28,False,2019-03-02,18735B06
7580BFE4-443,64820135970,Camila Costa,1968-05-13,PJ_PEQUENO,3136,34140.3,True,2017-10-02,9E5F2076
BEAA4765-A3A,91845270304,Bento Silveira,1963-01-21,VAREJO,5840,30861.8,False,2020-03-20,9BDA2EBD
08A4AF0E-B9C,90268145776,Paulo Siqueira,1984-09-05,PJ_PEQUENO,2279,48461.56,False,2024-03-17,
9E4A20BE-4D0,70829456392,Luiza Ferreira,1995-12-26,PJ_MEDIO,8816,,False,2015-10-05,B6025313
D150228C-8D2,29640817350,Emanuelly Pires,1981-08-16,PRIVATE,4169,25861.83,True,2015-02-15,
EE4A48BE-E10,34901857223,Dr. Isaque Macedo,1959-02-02,PRIME,5417,6201.13,True,2022-01-27,
721C6DFC-E9A,74098261340,Sarah Araújo,1996-10-01,PRIVATE,1395,36696.15,False,2023-12-15,81BE9C35
BC36250C-B97,75643102862,Gabriela Ribeiro,1991-04-18,PRIVATE,6350,23866.78,True,2023-12-26,
6EC3D8F5-C18,05612978430,Sr. Calebe Jesus,1996-05-19,PJ_MEDIO,3020,70857.34,False,2019-11-11,
F4A0F967-432,52063914842,Luiz Miguel Montenegro,1996-02-10,VAREJO,AGENC-???,58700.16,True,2016-09-20,2B7D8C66
FFF6364E-7EC,97041653234,Ravi Lucca Vieira,1983-11-27,PRIVATE,8206,58918.81,False,2016-08-12,B1FD9FEF
F30843E4-10D,45673108966,Antônio Teixeira,1962-10-04,PRIME,2526,49924.64,False,2019-06-04,159110E8
D227E376-216,67851320453,Bryan Araújo,1969-10-04,VAREJO,1721,25278.46,True,2017-03-07,
09BB85B7-1ED,45270391643,Rebeca Pereira,1987-07-15,PJ_MEDIO,4172,,True,2019-10-15,027D1A94
B6336EE8-4B5,45072689310,Sr. Vinicius da Mata,1999-01-29,PJ_MEDIO,5180,,True,2015-01-03,7856C540
55A09D16-E34,75432901625,Sr. Isaac Garcia,1955-12-11,PRIME,1613,22342.35,False,2023-10-29,249CE6FF
10A4E341-32F,86517430253,Kaique Caldeira,1955-12-06,PRIME,8672,73338.02,True,2022-07-18,
6C29A863-E32,18569072368,Heloisa Duarte,1994-04-10,VAREJO,2310,54049.25,False,2021-12-01,
2C0F4FF3-E1B,96408175201,Pedro Miguel da Mota,1983-05-21,PJ_PEQUENO,5228,46797.91,False,2022-01-30,
49B1AE30-1A6,72698043113,Dr. Gael Rios,1979-04-18,PJ_MEDIO,3549,,False,2024-01-16,
0645D146-3D2,69017523859,Srta. Yasmin Dias,1972-01-03,PRIME,1364,35559.06,False,2018-09-06,
C5BD6B07-89E,82413765964,Dr. Luiz Henrique Moraes,1995-08-26,PRIVATE,9173,77861.75,False,2015-07-30,B947313E
5155FC3C-DEB,67891034222,Ana Julia Marques,1976-12-11,PRIVATE,AGENC-???,66189.42,True,2023-10-15,
B94DEC6D-844,90381476278,Luísa Cirino,1969-08-23,PRIME,8607,72556.21,True,2022-10-27,
45402DF0-9E0,36078421913,Eloah Nogueira,1998-08-24,PJ_MEDIO,6947,33892.63,False,2019-09-14,
E259B9A7-52D,70815694202,Lucca Pastor,2000-10-30,PRIVATE,5900,7868.64,True,2021-12-27,
5760769F-E71,69280754149,Yasmin Martins,1993-03-03,VAREJO,6143,74200.77,True,2019-11-20,B896695C
763834C8-DE3,60387924574,Dr. João Vitor Ribeiro,1986-06-02,PJ_PEQUENO,3523,34016.5,True,2018-09-29,B4B46BCE
6DB4C648-BEB,59342861709,Srta. Maria Julia Ribeiro,1983-03-25,VAREJO,6046,20001.06,False,2019-06-12,48A5C091
D518A999-188,70693128577,Ana Sophia Barros,1969-03-15,PJ_PEQUENO,8046,68181.83,False,2017-09-23,
18751B58-061,86013749566,Theo Barros,1964-10-17,PRIVATE,3608,,False,2015-12-06,
14E1B123-5B6,90183752686,Dra. Rafaela Aragão,1959-01-12,VAREJO,2348,64001.25,True,2016-09-06,3400DB73
5C54E11A-357,56978241067,Aylla Leão,1998-06-24,PJ_PEQUENO,9071,,True,2015-07-30,
3C02566C-101,89536710277,Ana Liz Camargo,1950-03-10,PJ_PEQUENO,3909,,False,2019-02-11,33B23DD0
408363F5-E94,75302169452,Dr. Benício Leão,1982-01-19,PJ_MEDIO,2433,,False,2018-09-14,
F327EAAE-516,91238645755,Cecilia Campos,1958-12-20,VAREJO,2349,79072.5,True,2024-03-18,
8C79BCD7-7EF,70931625840,Dante Nogueira,1967-04-01,PRIME,7403,66198.99,False,2016-03-16,30E73B97
A3BAC5EF-01B,92534160761,Davi Miguel Montenegro,1973-12-25,PJ_MEDIO,5774,,True,2024-04-30,
115FB762-6F5,16375840910,Isadora Montenegro,1975-07-09,PRIME,AGENC-???,37793.42,False,2016-10-06,0111E602
D5C2BE1B-FCB,57249183079,Aylla Sousa,1996-03-11,VAREJO,9133,49108.96,False,2015-05-12,F373E6B6
F91ABBD1-703,48052396700,Esther Cavalcante,1985-04-17,PRIVATE,3667,56050.34,False,2019-01-09,4A5D66C3
353AF3D9-DF8,07429631525,Sra. Gabrielly da Luz,1995-08-27,PRIVATE,5811,,False,2019-09-09,
9851E641-9B9,76058491258,Gabriela da Paz,1971-02-04,PRIVATE,6351,18027.96,False,2016-09-01,
2C169E65-15D,46879035175,Larissa Rocha,1963-12-05,VAREJO,2301,6111.72,True,2016-08-27,97EA6F77
2DB54680-1DA,82593106786,Marcos Vinicius Farias,1959-08-30,PJ_PEQUENO,3066,13222.16,True,2018-03-03,
8B64957B-8E8,59381047260,Laura Andrade,1979-11-07,PRIVATE,4919,57913.28,False,2019-08-06,
7EAA65AF-AB1,19760582368,Dr. José Alves,1960-12-31,PJ_MEDIO,5956,,True,2020-04-22,
ADC4DA55-D38,93216874087,Sr. Calebe Nogueira,1953-01-13,PRIVATE,3564,,False,2015-09-28,
0614C514-D4D,30895742683,Guilherme Fernandes,1954-05-22,VAREJO,5131,32080.39,False,2020-03-13,
86B0D8B7-B87,58479023104,Ayla Barros,1985-08-29,PRIVATE,8366,11932.91,False,2023-05-11,
BA444AB4-CA4,40697815366,Sra. Gabrielly Viana,1987-11-22,PRIVATE,4014,2083.94,True,2017-10-23,
2080AE94-157,08731945600,Dr. Gustavo Nogueira,1987-04-21,VAREJO,8977,70228.4,False,2016-08-29,50FC6763
86F5C4E8-CF7,12089345624,Lavínia Martins,1953-10-09,PRIME,4932,41753.58,False,2018-02-12,
10A1A630-BD3,50932614833,Sr. Léo Brito,1968-02-23,PRIME,7846,4518.25,True,2022-01-30,6297B2FA
49B5579D-DD1,39607845110,Ayla Abreu,1982-05-13,PRIVATE,7111,,True,2020-05-31,50E1952C
C5706DAE-322,79358064110,Sr. Ryan Oliveira,1994-12-15,PRIME,4458,13102.76,False,2020-12-14,9EC14A6C
8EBE0AB7-888,25809136702,Marcos Vinicius Casa Grande,1985-01-19,PJ_MEDIO,4222,35642.61,True,2020-02-07,
EBF50D9D-B5B,45793820132,Maria Cecília Rodrigues,1999-02-01,PRIVATE,9827,79748.02,False,2015-07-02,
4D1BC5D0-B49,45612387008,Nicole Moura,1975-07-11,PRIVATE,1293,33475.9,True,2020-04-27,
C44D682D-F16,97403685148,Oliver Barros,1987-06-08,PJ_PEQUENO,4783,73962.53,True,2020-01-15,4C165CCB
EDBD6C29-E45,78051962303,João Guilherme Cavalcante,1973-09-30,PRIVATE,1634,65613.8,False,2019-06-06,9D65624E
F3B3F1B7-94D,02564913725,André Pimenta,1973-10-22,VAREJO,9695,19493.84,True,2024-03-18,
6B0A1315-B58,80716935295,Cecília Aparecida,1990-04-22,PRIME,AGENC-???,1676.66,True,2015-11-08,D35CA82C
636B4BA8-11C,07162935877,Pedro Miguel Pastor,1974-07-20,PJ_MEDIO,9954,75283.48,True,2020-08-17,B9C14144
7FAF7E9F-C9A,57283649182,Lucas da Costa,1977-06-21,PJ_MEDIO,1838,40485.89,True,2020-12-27,
54C82DFE-42C,92745631080,Alexandre Guerra,1999-07-22,PRIVATE,2898,68635.86,False,2021-04-15,
BC2C7433-3A8,73096185484,Ravi Fonseca,1979-06-25,PRIME,9930,53004.05,True,2022-09-07,7EE60935
453757ED-AAD,21459603761,Kaique Cavalcanti,1988-07-13,VAREJO,6386,52277.17,False,2015-03-26,0442930B
09799B2B-9A9,58069241730,Mariah Duarte,1958-12-04,PRIME,5230,14768.28,False,2022-07-14,822AA8CD
75AC01D9-491,78954021379,Dr. João Gabriel Castro,1973-01-24,PJ_PEQUENO,3651,72617.43,True,2023-03-06,20EA78D3
15AEB4CA-0D4,43068719593,Cecília das Neves,1964-09-14,PRIVATE,2599,61559.78,False,2018-06-21,C99A3DF0
AD25157E-E88,08457269194,Vinícius Gonçalves,1998-08-27,PJ_MEDIO,2123,7483.72,True,2016-05-12,3ED238DC
7B708B0E-B2E,32987461500,Dr. João Guilherme Moraes,1950-04-20,PRIME,2081,62625.19,False,2017-01-03,
AC067E59-F7A,74358691200,Ravy Cavalcanti,1960-03-03,PJ_PEQUENO,6530,11032.96,False,2020-09-23,
4C1F7B4A-B5B,70435968157,Sofia Camargo,1960-12-14,PJ_PEQUENO,5559,63161.51,False,2023-11-06,A52FDF7F
5240756B-441,04192856360,Dom Moura,1958-04-04,PRIVATE,3890,31948.63,True,2021-02-11,
4B76322B-DD8,21687394040,Lavínia das Neves,1972-06-15,VAREJO,2415,,True,2016-08-20,
8D6EC28D-FB0,14890726322,Enzo Câmara,1980-09-09,PRIME,9553,,True,2020-05-14,2FDB9E3F
BED680F9-6E9,48502673190,Gabriela Castro,1981-07-11,VAREJO,6573,68500.24,False,2016-02-29,7AF29DEE
7339923F-AE6,59816740249,Olivia Mendonça,1995-12-21,PJ_PEQUENO,4479,14650.56,False,2023-09-04,
FC6A6BD1-6AD,18296503433,Vitor Guerra,1956-01-02,PRIME,9099,45260.43,False,2019-05-06,F6D27EBD
6B6AB06B-D71,87215349004,Levi Camargo,1978-11-28,PRIVATE,4262,72147.69,True,2020-01-30,4A9D44E7
45C963C9-F3C,29048361796,Ana Cardoso,1966-11-16,VAREJO,6823,2844.02,False,2022-04-11,
A1053DCC-581,53087946265,Hadassa Ramos,1980-05-22,PJ_PEQUENO,1121,77612.32,False,2015-12-16,F0BA37AD
8B15D57B-CD0,06429531805,Henry Gabriel da Cunha,1962-01-11,VAREJO,9528,45570.86,True,2021-08-25,C74CAED0
2729B304-B17,97028634574,Luan Casa Grande,1962-03-07,PJ_PEQUENO,9099,,False,2016-05-05,45D007D3
1054E4E2-B1A,61034278517,Marcelo Vieira,1952-11-30,PRIVATE,5031,25996.57,False,2018-04-16,
ED431952-B97,57293086121,Dra. Brenda da Costa,1953-06-29,VAREJO,1899,75215.32,True,2022-10-21,
57023B92-B02,30186527462,João Felipe Pinto,1973-03-04,PJ_PEQUENO,3507,23532.44,False,2015-11-01,A411310A
87460BA3-138,72981543032,Yago Guerra,1997-08-20,PRIVATE,2230,40615.53,False,2019-07-25,020B2C6C
3FFFE298-DDE,74201369552,Amanda da Cruz,1952-01-15,VAREJO,AGENC-???,,True,2016-07-16,5BF84DBD
9659880D-34D,12463087544,Lorena da Costa,1997-02-04,PJ_MEDIO,2640,29958.77,True,2017-12-18,A0A6C13D
E78CD62D-E6B,47209386122,Brayan da Mata,1979-12-12,PRIVATE,3027,15835.59,True,2021-07-12,D7647F46
1B5E46BE-91E,40927165325,Sra. Gabriela Lopes,1957-01-27,PRIME,1804,23206.42,True,2024-02-07,A4AEC27C
96F22DE4-FEB,45027683162,Sr. Augusto Aragão,1999-04-01,PJ_MEDIO,9946,24830.7,False,2016-02-16,F7122E72
A058926C-83A,73245609116,Natália Sales,1986-03-19,VAREJO,6110,73628.81,False,2016-01-16,
E2EBEAFB-A8C,18423590704,Liz Sousa,1979-11-25,PRIVATE,1852,12245.99,True,2021-08-06,
02E33821-378,70259134805,Maitê Pires,1950-05-12,VAREJO,8814,4838.2,False,2019-07-21,F5BE062E
D92FA23B-86A,03812759659,Mirella Castro,1998-08-16,VAREJO,5330,,True,2015-12-02,D2246DC4
436D7E4D-B9C,46582731017,Letícia Caldeira,1979-12-21,PRIME,4033,52406.13,True,2022-01-27,
44C330D3-871,71284306950,Isabella Machado,1951-07-06,PJ_PEQUENO,4578,58706.77,True,2016-11-24,
2568D908-EF7,64358721044,Carolina Rezende,1995-09-23,PRIME,7683,1914.99,False,2021-06-20,
28698B0D-BBF,10594268702,Benício Nogueira,1966-10-29,PJ_PEQUENO,9971,,False,2017-05-14,E761135E
6025AAB3-FEF,96721304813,Maitê da Mata,1984-11-06,PRIME,9647,,True,2019-07-15,
8AA370BF-9E1,62138905489,Augusto Correia,1986-12-03,PJ_MEDIO,5713,,True,2022-12-05,
0BE073DA-FA4,92610385730,Daniel Freitas,1987-09-13,PRIVATE,9153,1614.03,True,2019-07-20,FB3878AB
6680B6E8-45A,31582049670,Miguel Rocha,1967-02-25,PRIVATE,3100,46764.36,True,2022-07-11,
4A36D91F-957,39706814566,Ian Jesus,1972-04-27,PRIME,1658,19622.17,True,2023-05-10,E99F30F2
F4533B10-2DD,69127380521,Sophie Fogaça,1954-03-06,VAREJO,7467,11937.52,True,2018-02-06,
CEA6CF1B-E86,25391786002,Sabrina Lima,1960-02-08,PJ_MEDIO,1046,52670.46,True,2024-04-22,
E5E9CD09-A57,79814650366,Stella Nascimento,1951-03-27,PJ_PEQUENO,AGENC-???,28296.52,False,2016-08-14,
865C9704-62A,30527194832,Davi Lucca Marques,1963-03-10,VAREJO,7041,,False,2019-04-01,06986E5D
61756E69-9EF,49571308250,Rael Leão,1996-07-20,PRIVATE,8264,53554.9,True,2017-04-26,
A9E1AAAA-400,43586021771,Sabrina Cardoso,1984-12-01,PRIVATE,4080,69791.16,True,2020-06-29,
0F57FE56-6BC,19736205452,Eloah Moraes,1993-11-11,PRIVATE,AGENC-???,,True,2019-11-10,F8435DCA
66171BE7-0C6,54972136855,Anthony Rios,1991-08-04,PRIME,2006,62839.36,True,2023-05-24,B5334923
5DD1048D-E91,65928034105,Dr. Gustavo Henrique Sampaio,1991-02-27,PJ_MEDIO,5736,17501.43,True,2018-03-22,99425105
822051C5-3A8,53107498610,Manuella Pastor,1962-08-16,PRIVATE,5576,15399.22,True,2020-04-22,ED50DBE7
2711E010-E9E,07294153680,Dr. Théo Freitas,1997-07-06,VAREJO,8445,28805.67,True,2020-01-15,649CE7F8
349553E6-8BF,07846351290,Maria Laura Carvalho,1968-01-10,PRIVATE,8812,77135.39,False,2016-10-19,159DA8BF
CB58356F-997,84702351680,Thomas Mendes,1993-02-04,PRIME,8178,72527.31,True,2023-10-05,22636133
A01C2FB8-D51,52694183719,Nathan Dias,1971-01-12,PJ_PEQUENO,7300,,True,2016-03-25,
306FDC2D-E8B,56239871095,Maria Laura Barros,1974-01-06,PRIVATE,9552,21502.68,True,2018-01-18,0105D9F0
EFAAF9B1-F44,40532167961,João Guilherme Oliveira,1996-05-03,PRIVATE,7614,3093.52,True,2017-09-15,
991A5D21-DB1,38245097683,Gabriel Rios,1975-05-17,PRIVATE,5002,60982.35,True,2022-01-14,41997BF3
A49D84DF-75C,43980265765,Otávio Mendes,1994-08-04,PJ_MEDIO,1055,13204.06,True,2018-09-02,
F3F29466-41C,82104675308,João Felipe Novais,1999-09-10,PJ_PEQUENO,6591,1614.65,True,2017-02-06,EF3BF503
929FD3F7-A7D,79034251616,Olívia Caldeira,1959-09-25,PRIVATE,7960,21216.67,False,2021-07-29,6D7B514D
28F355A9-E03,71435062817,Daniela Gomes,1967-11-24,PJ_PEQUENO,6847,9043.06,False,2022-01-02,
77516C0F-46C,71038645948,Isabelly Vargas,1967-08-11,PRIME,6320,5095.57,False,2019-01-01,78C71F31
20E0155F-099,85012794397,Rebeca Camargo,1992-04-16,PRIME,9724,27674.19,True,2019-10-31,
FD73F00B-4B6,93047285179,Júlia Abreu,2000-06-16,VAREJO,2249,9600.6,True,2017-08-05,C4BAE1B8
7DAB133D-E7C,32480175979,Davi Luiz Pimenta,1986-11-06,VAREJO,4358,,True,2016-02-25,
39B1332F-765,97610548375,Paulo Barbosa,1999-03-20,PJ_PEQUENO,3223,,True,2017-06-13,
A975ED9E-EE4,70162348517,Fernando Borges,1983-04-10,VAREJO,1599,21631.84,False,2016-05-07,
A4BCE2C0-28C,81354692764,Antony Gomes,1975-02-27,PJ_MEDIO,8370,71608.56,True,2018-10-27,
332D48C6-063,78290513640,Ana Luiza Moreira,1971-03-28,PJ_MEDIO,2946,8840.55,False,2023-11-15,
C32E78CB-C4B,13624978004,Kaique Macedo,1998-03-02,PRIME,1723,38866.98,False,2021-01-25,
6EEA4155-EFB,19647308213,Asafe da Rocha,1964-12-26,VAREJO,9020,65639.64,True,2023-12-04,333A3ED4
0D37C3D3-D96,23071846517,Elisa Vasconcelos,1986-12-12,PRIVATE,2639,8463.75,True,2021-06-15,
5903461F-628,84729305132,Larissa Sales,1974-11-29,VAREJO,7997,56165.76,False,2023-06-13,326663BA
FD9A1E32-477,39716580240,João Santos,1990-08-01,PJ_MEDIO,3691,3611.6,True,2022-01-13,
44B3AF71-B17,59620314824,Sabrina Macedo,1951-12-01,PRIVATE,4154,15007.36,True,2017-08-17,
2C2156AE-5AC,69850271485,Emilly Pires,1954-01-21,PRIME,4208,66441.28,True,2016-06-27,
F5FD719B-AA6,79182340650,Sophia Almeida,1976-06-19,PJ_PEQUENO,2003,53440.41,True,2021-12-08,
BBA27FFE-0E9,20714985341,Srta. Fernanda Porto,1962-01-25,VAREJO,2931,58470.89,True,2019-02-10,
2DBC6B24-AD0,92184365700,Ian Aragão,1976-11-17,PJ_PEQUENO,3521,55501.49,True,2020-04-24,0EF0799A
D743D9D4-B49,37086295400,Marina Sá,1983-12-03,VAREJO,3807,30901.05,True,2022-09-04,B4D9D199
E4E9CA3C-E10,14536872035,Ana Júlia da Paz,1987-09-18,VAREJO,2389,61506.78,True,2015-10-27,33790016
0176BD48-34F,51863794255,Isabella Azevedo,1963-10-17,PJ_PEQUENO,2776,,True,2017-12-26,
03E66F3C-2F2,23109546752,Nathan Vargas,1996-09-03,PJ_MEDIO,9697,76072.4,False,2020-01-30,CE0FCDCD
A68A3725-39A,82753091404,Bruno Farias,1964-02-14,PJ_MEDIO,9730,53350.55,True,2020-01-14,
9E986D76-B2B,83759401279,Felipe Sampaio,1988-02-13,PRIME,8292,,False,2021-10-19,29F55A53
948F4524-21A,01935487205,Kevin Mendes,1969-03-19,VAREJO,4215,33356.57,False,2023-08-31,
08CEE419-9B7,45907813601,Lorenzo Vasconcelos,1998-01-14,PJ_PEQUENO,2491,,True,2023-12-07,6939CF50
273D2AC9-74D,31504982606,Dante Nogueira,1961-05-17,VAREJO,4764,,True,2021-04-13,
2F2BDBCA-169,48176235008,Maitê Vargas,1993-01-01,PJ_PEQUENO,3215,5647.29,True,2021-01-16,
B670AC33-3C7,02789641501,Henrique Sá,1970-10-18,PRIME,4940,72778.1,True,2017-09-16,
CEC58645-72D,43152987005,Ravi Lucca da Cruz,1998-05-11,PJ_MEDIO,2369,28120.29,True,2017-11-29,
EDB0A109-7B3,32167594828,Hellena Jesus,1973-06-06,PRIVATE,9993,12190.13,True,2015-06-30,
0B8F7D40-3AA,32180756453,Pedro Freitas,1988-05-16,PJ_PEQUENO,4363,12467.43,True,2022-11-02,
4AC01687-299,46295173080,Levi Novais,1958-01-07,PJ_MEDIO,3421,50549.94,True,2019-09-26,F45F4C1C
28E5B965-1F7,80146729501,Alícia Guerra,1999-01-19,VAREJO,6273,37680.59,False,2018-10-15,
0E118CFC-032,92473601534,Thomas Nascimento,1952-09-08,VAREJO,1188,,True,2024-01-30,31435D65
5D91DA9C-862,72690541858,Alice Abreu,1952-09-21,VAREJO,6283,14446.53,True,2015-12-05,
FFA5968B-59D,93560147280,Kamilly Pires,1967-01-31,PJ_PEQUENO,2609,35959.86,False,2015-08-23,
69A6713C-E7B,12036798403,Luna Moraes,1952-04-26,PRIME,6789,26058.26,True,2023-11-30,
AB6563DA-6A8,37519068439,Gustavo Casa Grande,1995-03-21,PRIVATE,5786,,True,2021-02-13,AE77F637
1AFB65AD-ADD,69321485015,Vinicius Vieira,1963-04-10,PJ_MEDIO,9847,38927.1,False,2020-11-09,
7A66EA00-90B,37895042629,Emanuelly Alves,1956-11-15,PRIME,3879,66212.03,False,2020-08-15,0F1A35FE
EE578FE7-A6B,12345790652,Agatha Nogueira,1953-10-23,PRIVATE,7216,38306.64,False,2020-03-29,
2CAC4900-07D,50318974223,Rafael Silveira,1952-05-10,VAREJO,1800,,False,2017-10-03,9A761C0F
886B842D-77A,17230496543,Maria Eduarda Gonçalves,1983-11-26,PRIVATE,6594,,False,2020-12-11,
6E97A20A-0C4,63745190270,Agatha Macedo,1963-06-15,PJ_PEQUENO,7188,45695.62,True,2019-08-19,
5B6A1714-AD9,93126457819,Maya Araújo,1963-05-24,PRIVATE,9383,19385.81,False,2019-02-22,381BC62B
47AF576C-3B0,71896345255,Benicio Fogaça,1954-05-25,PRIVATE,6081,65993.89,False,2023-03-08,
2508FF97-0F2,05639728159,Ísis Nogueira,1953-10-04,PJ_MEDIO,AGENC-???,50563.83,True,2019-07-24,
DA546F7D-A83,28375491004,Heloisa Jesus,1968-08-27,PRIME,7720,,False,2021-12-06,
2D9B3D11-E14,46037859256,Davi Lucas Freitas,1981-11-09,VAREJO,9615,16004.16,True,2015-09-06,
F7FCA913-C68,19754238014,Yago Gonçalves,1974-01-10,VAREJO,3005,69422.23,False,2024-05-12,73533676
B1AB99C0-C11,50623789400,Srta. Mariah Moura,1997-06-03,VAREJO,9671,,False,2022-01-06,
0CBFAB04-3D2,34951706857,Carlos Eduardo da Costa,1973-03-16,PRIME,9969,75952.95,False,2017-10-16,
CF00422D-8B0,50347891675,Yuri Fogaça,1996-04-06,PRIME,7194,57877.24,True,2020-12-04,69AA2A9F
C30DE8C7-AD2,41937852628,Apollo Gomes,1955-10-04,PJ_PEQUENO,5387,20514.83,True,2016-08-02,
ADA03EA4-F03,12903564833,Murilo Farias,1985-11-22,PJ_MEDIO,5835,58490.18,False,2019-07-28,
583C40B4-827,96475182001,Srta. Bella Novaes,1976-09-12,PRIME,1339,20553.22,False,2023-06-26,C46A8C30
9F04E379-E54,86021593405,Kamilly Gomes,1961-09-16,PRIVATE,9656,35324.79,True,2018-06-22,1B535DF3
7C1C94A5-55B,81473952050,Sra. Juliana da Luz,1972-08-05,VAREJO,8568,70065.37,False,2018-04-09,
8D7323DA-1BC,37920146534,Sra. Stephany Azevedo,1984-12-23,PRIME,6811,75772.12,False,2023-07-01,
347A3AEE-93F,09851327603,Arthur Gabriel Jesus,1976-01-27,VAREJO,4057,33157.42,True,2023-02-01,
C8C19B20-2A6,30596712499,Heloisa Costa,1983-02-09,PRIVATE,AGENC-???,55129.9,False,2017-02-24,06F20041
F948DD66-CB5,76809521402,Calebe Vasconcelos,1952-02-02,VAREJO,8697,31115.78,False,2023-11-19,
3E0C6F26-5CB,80231764553,Gael Henrique Barros,1975-02-07,PRIVATE,9404,46693.19,True,2023-08-29,8ADD2C40
A0CC3429-FF9,17068952321,Aurora Siqueira,1970-04-07,VAREJO,7035,20453.31,True,2024-04-24,FAEE9D4A
8C969DCD-FC0,09261485324,Dr. Ryan Mendonça,1974-09-17,PRIVATE,3199,38056.09,True,2022-07-22,F537BE05
ED3E1058-716,98723461519,Sr. Ian Rios,1980-06-30,VAREJO,5746,,True,2018-04-08,35604869
2FCBCC69-CF4,60312978413,Valentim Barbosa,1971-06-05,PRIME,4541,17901.57,False,2017-03-06,5FCEE7F0
9B8DF503-7F2,36195708259,Gustavo Borges,1997-03-17,PRIVATE,6162,,True,2019-06-05,65672E46
F2A095CE-DA8,06892471501,Dr. Anthony Gabriel Costela,1969-11-27,PRIME,2674,,False,2020-11-25,ED8FE5AD
014D8288-A6C,03581672995,Mateus Sampaio,1991-11-06,VAREJO,9919,5293.93,True,2017-09-14,532B8BEB
4E3638D1-748,80475923197,Joana Monteiro,1958-03-15,PRIME,9070,18517.41,False,2022-03-22,
2A61E4B2-58E,79506341893,Alexia das Neves,1978-12-24,PRIME,1642,70767.05,True,2023-02-10,
8AA21B31-02F,50346871271,Antonella Freitas,1956-11-22,VAREJO,9272,40488.31,False,2019-05-14,
2FBD2ECF-0B4,08651297386,Melina Abreu,1958-07-21,PJ_PEQUENO,9203,,True,2015-02-13,
6401991F-F75,40827913613,Luana Santos,1966-08-01,PRIME,1435,79785.15,True,2021-07-28,
2C85EC10-ABD,09847152314,Giovanna da Mota,1959-07-30,PRIVATE,7799,,True,2024-05-23,
D82BA106-0E6,07923815488,Luna da Cunha,1996-12-31,VAREJO,5004,55539.14,False,2020-04-18,CD866A50
49836785-5BB,30729614840,Benjamim Fernandes,1994-08-15,PRIVATE,5647,66108.71,True,2023-02-16,
56CA976E-B3A,69238705429,Ana Liz da Costa,1987-04-12,VAREJO,4501,32253.27,False,2016-07-02,D624E937
30AD6433-5CF,04952713652,Srta. Lara Novais,1955-03-14,VAREJO,6099,,True,2020-11-24,
CCD7C8A3-52C,16243709850,Emilly da Rosa,1975-09-26,VAREJO,9834,,True,2019-06-15,193FF4E7
C772899A-708,08316745984,Srta. Allana da Rosa,1997-07-16,PJ_PEQUENO,6618,67288.12,True,2023-06-26,D727F3FC
17956872-25B,72106594399,Gabrielly da Cunha,1986-07-16,PRIME,3795,65473.29,True,2017-06-02,
83F94C20-E3E,20437516890,Miguel Sales,1995-05-20,PRIME,2204,20351.18,False,2018-10-04,
B68845FF-1E5,18024796511,Luara Rios,1980-04-18,PJ_PEQUENO,2257,8739.64,True,2022-10-19,
C63450B8-AA6,16748253900,Lucas Gabriel da Conceição,1976-05-16,PRIME,9514,43584.25,True,2024-04-20,
C27E9724-474,69703485200,Sr. Guilherme Macedo,1982-11-29,VAREJO,6529,20155.42,False,2019-10-22,
E662F78E-F5A,57940162306,Dom Porto,1989-01-22,VAREJO,9508,,True,2023-05-16,
97A09BEB-8A7,21379068568,Breno Oliveira,1961-07-22,PJ_PEQUENO,1294,75199.35,True,2015-08-15,23E1B137
37D64FEA-CAA,37104956875,Raquel Pastor,1996-09-03,PRIME,6919,,True,2024-03-05,
C9490648-F98,19873062521,Vitor Nogueira,1952-06-12,PJ_PEQUENO,3523,55265.29,True,2018-08-05,1F5A7FBD
2136DA02-713,61378429591,José Miguel da Mota,1969-02-04,VAREJO,3875,61756.18,False,2018-10-26,A96687A0
FD59E15D-028,29506378410,Dante Farias,1981-12-02,VAREJO,8041,41462.45,True,2019-11-22,
1E955005-BFF,93078164250,Amanda Almeida,1959-10-05,PJ_PEQUENO,8950,34821.17,True,2021-12-19,
31136EB7-2C0,67280193404,Srta. Maria Eduarda Sales,1968-12-01,PJ_MEDIO,5321,24296.46,True,2016-04-19,DD7FFC6F
57F1ED13-92E,94576830139,João da Costa,1971-09-21,PRIVATE,1081,63814.19,False,2023-10-01,
B6ED174C-688,63095247800,Bárbara Cavalcanti,1967-05-31,PRIVATE,5889,20137.92,True,2019-07-27,F9505356
ECDCD749-E6C,21093678496,Dr. Caleb Ribeiro,1954-02-20,PRIME,4829,52143.14,True,2015-08-07,
2C6814DE-2CD,10529674343,Larissa da Luz,1959-03-12,PRIVATE,8397,55751.96,True,2021-10-16,897D93E7
89AD6253-EC9,16729380586,Maya da Rosa,1954-04-06,PJ_MEDIO,7033,79465.45,True,2024-01-04,
24DCC018-1D2,69540123780,Dr. Luigi da Conceição,1975-12-17,PRIVATE,3978,,False,2017-11-11,0FB2793F
1F08781A-D00,32056149842,Sr. Eduardo da Cruz,1964-11-09,PJ_PEQUENO,7893,61680.34,False,2023-10-03,
B7C9E77C-C18,24750638900,Srta. Emanuelly Vargas,1976-08-04,PJ_MEDIO,8474,,False,2016-08-17,682C8DD7
23DE1009-3CB,74630958274,Guilherme Novais,1998-01-08,PRIVATE,7293,51486.99,True,2016-08-24,D41B856F
810123B4-A21,25340789683,Joaquim Melo,1979-08-22,PJ_MEDIO,2686,24610.99,False,2021-05-21,AD85A09B
7DF9B2D8-FF5,72809465185,Ana Julia Aragão,1967-06-12,PRIME,4119,10005.86,True,2018-04-20,7A959466
840B1298-1CC,38601275940,Davi Lucas Casa Grande,1962-09-04,PJ_PEQUENO,7622,45767.34,True,2019-07-29,
6C8380B6-AC5,26947503116,Luiz Miguel Nunes,1952-01-23,PJ_MEDIO,8749,,True,2020-02-16,
1A4987AA-33B,03429758629,Heitor Macedo,1987-06-23,VAREJO,8241,15152.3,True,2018-06-21,
1976E514-DBC,38650479200,Rodrigo Câmara,2000-05-22,PRIME,9519,49128.39,False,2022-07-07,976F0658
866EE7CF-8C8,76439152882,Dra. Clarice Garcia,1982-06-17,PRIME,9523,12374.06,True,2024-05-17,
342C6AE3-5C5,86231749096,Murilo Sampaio,1975-07-18,VAREJO,6647,76861.61,True,2016-08-06,
A375C4CE-4B4,32085149723,Bella Fonseca,2000-10-20,PJ_MEDIO,8113,28295.17,True,2019-07-22,4F687ACD
C3F82ED4-196,39740682103,Liz Costa,1982-03-08,PJ_MEDIO,3402,35580.43,False,2016-01-18,
BF3369AC-DB8,95087241611,Sra. Sophie Santos,1999-05-26,PJ_PEQUENO,7198,28560.32,True,2024-04-19,
4CF63C33-8B4,78316540207,Sra. Juliana Fogaça,1969-06-08,VAREJO,8895,64986.26,True,2022-07-15,
AA6CEEAB-73E,80219476594,Dra. Nina Pereira,1963-01-27,PRIME,9659,26125.03,False,2023-06-01,
FDB8035C-7E2,46780139548,Eloá Cavalcante,1960-10-13,PRIVATE,4146,62511.66,False,2021-01-26,784B44AA
1CD46E52-C53,74381256964,Thomas Moreira,1963-05-13,PRIME,6091,68206.44,False,2022-01-08,
3C931862-439,91065328451,Lucas Gabriel Brito,1953-08-22,VAREJO,3690,39055.76,True,2015-01-05,
F58B03CA-C3D,37948506292,Cauã Cassiano,1950-08-02,PJ_MEDIO,8114,48630.81,False,2015-09-14,2D4DEA6A
E8E0C8B9-2F4,72065418362,Oliver Albuquerque,1954-12-13,VAREJO,7343,41056.1,True,2015-11-29,
E2E0B69C-F24,90382675177,Lunna Teixeira,1967-05-07,PJ_MEDIO,6486,66149.5,True,2015-07-16,1FA6BEE7
C249FDF0-34A,40569283124,Brayan Rocha,1955-12-10,PJ_PEQUENO,9647,,False,2015-11-25,81E70F8E
98CE3120-308,81297560485,Maria Flor Campos,1976-04-16,PJ_MEDIO,2198,68840.19,False,2015-08-11,
D1F73E4C-828,37691548273,Ester da Paz,1990-08-27,PJ_PEQUENO,3903,69237.53,True,2021-07-13,E7468DCB
25142CE3-420,49752036180,Dr. Bernardo Aragão,1989-10-09,PJ_PEQUENO,3353,5448.49,False,2017-06-22,
4A53FC47-1FD,71389206521,Isabella Araújo,1975-02-07,PRIVATE,1275,71813.9,False,2019-12-19,E1EE8E03
99CABE86-ED6,29014785305,Olívia Sá,1975-04-04,PJ_PEQUENO,3659,,False,2016-07-26,44182B82
944E631F-2D1,50231984642,Ravi Lucca Fonseca,1986-03-05,PJ_PEQUENO,3130,48310.49,False,2015-03-21,159FFA9A
C7EA8D73-9DC,69182045305,Matheus Gomes,1999-11-01,VAREJO,9062,58411.57,False,2019-04-24,
A3461EB0-337,70932485600,Sophia Garcia,1954-04-12,PRIME,2094,61875.38,False,2015-04-04,
BCAAC3C5-495,27430856144,Gael Nascimento,1985-08-23,PJ_MEDIO,9741,22129.73,True,2017-03-23,D7EC97F7
0EF068D1-064,69417258346,Davi Sousa,1968-03-07,PJ_PEQUENO,4802,8501.17,True,2018-07-10,984CD4CA
173DFEDB-CBF,07684219340,Julia Almeida,1982-02-08,PRIME,4319,28562.18,False,2016-03-21,
B47A0697-1BD,93452087638,Julia Farias,1991-11-30,PJ_MEDIO,2296,37944.02,True,2016-11-03,
F2A68DB9-8A7,50167482920,Esther Alves,1959-02-14,VAREJO,3676,1536.46,True,2017-06-15,
85B71083-1D3,71259368068,Sra. Ana Liz Montenegro,1987-11-07,PRIME,9409,78394.22,False,2016-06-26,
3DCBB7BC-90D,01458796230,João Felipe Barbosa,1991-12-18,PJ_PEQUENO,9947,46514.7,False,2019-03-21,
CF53050A-B5E,58702163977,Miguel Mendonça,1960-11-17,PRIME,4575,,False,2018-06-11,
0BF06CC5-EF0,36478501280,Sr. Igor Aparecida,1973-09-27,PJ_MEDIO,1805,58489.95,True,2021-06-28,AC490A82
738BB1F8-F75,27684013904,Fernando Almeida,1978-12-24,VAREJO,3307,69333.64,False,2020-09-21,
7CFA2BE1-670,45769381264,Bryan Andrade,1953-11-10,VAREJO,8064,23118.25,True,2017-08-26,
39E68EA9-450,08514379666,Zoe Pastor,1990-07-12,PRIME,5098,66812.03,False,2020-04-10,5CC072A8
C11BD33A-0CD,71092345841,Clara Rezende,1997-12-04,VAREJO,3322,72545.86,False,2022-06-26,
D812E8A0-66F,21058639730,Luiz Felipe Farias,1996-01-22,PRIME,4058,,True,2022-03-02,
03ABFAE9-F89,61283704978,José Miguel Fonseca,1958-04-12,PJ_PEQUENO,9785,,True,2022-01-17,6D210F86
5E30F0A5-F88,23849061787,Nicole Leão,1967-05-08,PRIVATE,9510,74550.96,False,2016-12-03,
54806BE5-C68,27985016449,Rebeca Siqueira,1998-12-30,PRIVATE,9049,63074.97,False,2017-08-15,870FC055
A5C3940B-1F6,51074386957,Emanuel Aragão,1988-03-21,PRIME,9836,20577.81,True,2020-10-11,C567F90C
BEF34331-0F2,97628410502,Maria Júlia Jesus,1965-11-25,PJ_MEDIO,6217,33561.38,False,2017-07-26,8A237D54
4897640C-8B6,71480236535,Mirella Albuquerque,1990-05-04,VAREJO,9074,63170.2,False,2019-07-08,D1634536
A3324571-4BE,26375904161,Lunna da Mata,1960-09-04,PJ_PEQUENO,8836,,False,2020-07-26,FBCA172C
E84F138A-A23,25961480720,Olivia Garcia,1971-03-03,PJ_PEQUENO,9491,62721.04,True,2023-11-20,
5971DF51-8BD,89074215360,Ester da Mata,1951-05-22,PRIVATE,1036,31025.17,True,2015-12-12,CC8BE862
7EF30C1E-3E2,73458690247,Raul Almeida,1965-05-03,PRIME,4668,50890.23,False,2022-07-23,44B6C79F
5AF92A1E-13D,49032586106,Gabrielly Pires,1964-04-14,VAREJO,7444,54781.65,False,2015-03-02,
468EE996-A0E,59406872102,Pietro Gomes,1980-01-22,PJ_MEDIO,8328,75059.11,False,2019-07-17,
2386635F-FFA,53860491784,Benjamin Peixoto,1963-06-28,VAREJO,9566,52627.18,True,2015-10-25,
22BD1C4C-212,92375618491,Sr. Joaquim Oliveira,1962-06-13,PRIVATE,7519,77559.95,True,2021-04-02,
251CCE99-C88,01582476985,Rafael Moreira,1997-12-06,PRIVATE,4853,35251.94,False,2023-10-14,
8457D42B-D59,54108937600,Dr. Vinícius Ramos,1999-01-19,VAREJO,3594,,True,2018-09-17,
81DC05A8-F89,13762805407,Ana Laura Duarte,1953-01-16,PJ_MEDIO,4765,,False,2023-01-24,
84BE2048-B44,58149362746,Caio Mendonça,1972-07-01,PJ_MEDIO,5781,52397.1,False,2021-10-16,
33D9A58C-CAE,50742381960,Pedro Lucas Sá,1980-04-19,PJ_MEDIO,9391,44952.96,True,2022-04-05,CB4CA230
25057469-993,52369487119,Heitor da Conceição,1957-07-15,PRIVATE,6681,36971.3,False,2024-02-01,
F50D406B-1E1,85943162755,Kaique Nogueira,1953-03-19,PJ_PEQUENO,2501,,True,2017-08-21,
A3F2C949-942,09412736525,Enrico Andrade,1998-10-20,PJ_PEQUENO,8333,32153.95,True,2021-01-17,
8772E6FA-CB9,67031924561,Gael Ribeiro,1966-10-03,VAREJO,8405,,True,2021-11-20,9A8D2B0F
6A697530-BE2,07823945665,Allana Moreira,1955-09-12,PJ_PEQUENO,9108,49418.91,False,2019-04-24,
4FFE1A1B-0BD,32671485026,Ravy Moreira,1998-08-16,PRIME,8151,41205.73,True,2024-05-21,AE0BEEF7
7A0F5DCD-FFF,72015984658,Mariana Farias,1961-08-14,PRIVATE,9456,,False,2023-05-30,
19A6BA77-888,02348197588,Isabella Azevedo,1953-06-05,PJ_MEDIO,6214,,True,2019-06-21,27B9D153
044FA7EF-F52,14256708308,Danilo da Paz,1966-09-16,PRIME,7040,5571.95,False,2015-05-03,F14B49B8
546C6C49-A4C,45673980175,Maria Laura Andrade,1982-05-01,PJ_PEQUENO,7241,,False,2022-09-09,
35CA54D5-CC7,50148237932,Maria Luísa Pimenta,1990-12-20,PJ_MEDIO,1627,3904.78,True,2016-11-18,
C842044E-241,35476082956,Rodrigo Caldeira,1975-01-31,PJ_MEDIO,3882,62602.76,False,2019-03-15,2056B52F
613A73A8-A4B,65920374152,Luísa Câmara,1974-01-27,PRIVATE,3990,74837.12,False,2020-03-01,
968C0718-AF3,06789123512,Raquel Albuquerque,1985-05-09,PRIME,3299,29212.06,False,2017-01-30,
0D04F9DC-D38,96702415885,Bento Marques,1972-02-16,PRIME,9727,59539.8,False,2023-11-08,
8F5206C1-DA7,38725094629,Dr. Alexandre Macedo,1985-02-10,PRIME,4187,44375.29,True,2018-10-25,14DFE163
5E488BA7-196,96734205134,Pedro Borges,1986-04-29,PRIME,5271,7749.15,False,2017-02-03,
80A68E8C-74F,42197365061,Maria Clara Guerra,1997-10-27,PRIVATE,8918,15465.04,False,2019-05-13,EEA8B254
10C41DAA-21B,61798502402,Bianca das Neves,1965-01-16,PJ_MEDIO,3815,33186.64,True,2022-10-16,0A8B364A
0FBD1AA6-DE6,67543291061,Bella da Paz,1969-12-10,PRIVATE,9679,49223.1,False,2016-02-23,
7EF09202-957,69017325461,Vitória Caldeira,1970-01-21,PJ_MEDIO,2740,45454.78,False,2019-02-21,
D7EA0CA0-D6E,39870215602,Henrique da Rocha,1982-10-26,VAREJO,9022,42236.4,False,2021-04-07,D6F82C32
10AEB891-6B8,90158736230,Sra. Maria Isis Aparecida,1979-02-07,VAREJO,6250,60845.05,False,2024-04-01,8CC362B8
0CBC6065-D0F,82419503651,Kevin Pires,1973-06-24,PRIME,1124,16741.52,True,2022-07-29,
522BF1FE-E7B,58094167211,Bella Nogueira,1995-12-18,PJ_MEDIO,AGENC-???,74216.01,True,2020-05-25,
0107AE02-450,61238704913,Sara Borges,1993-06-11,PRIME,AGENC-???,17133.1,False,2021-07-11,2EEFC0F0
EA3A94CE-3A7,30214896722,Stella Cirino,1971-03-05,PRIVATE,1617,8251.8,False,2017-05-10,
E0346F7D-321,25709364800,Maria Alice Jesus,1985-05-24,PRIVATE,AGENC-???,27031.81,False,2016-03-16,
8C0DBA81-09A,82510974602,Breno Fonseca,1979-04-26,PRIVATE,4314,,True,2019-02-08,
3B631B68-042,84379560139,João Guilherme Abreu,1969-03-29,PJ_PEQUENO,8796,58635.57,True,2017-09-02,
661B3DD1-56E,59412760876,Francisco Borges,1988-03-29,PJ_PEQUENO,6198,5094.69,False,2016-09-05,8AA660A8
86669F50-F78,54813769209,Sra. Olivia Rezende,1959-10-16,PRIVATE,2427,,False,2016-12-27,B06C8AA7
D96E502C-96E,30517648920,Sr. Gustavo Henrique da Cruz,1990-12-19,PJ_PEQUENO,9670,75916.05,True,2022-10-22,01406DC2
B8E731A6-FA3,03917645270,Maria Eduarda Dias,1996-12-26,PJ_PEQUENO,1985,48998.13,True,2023-07-01,
70FAF110-401,18943052723,Maria Porto,1992-11-19,VAREJO,5451,29837.45,True,2020-10-07,A000875D
1E221E6B-295,81490532714,Vitória Marques,1997-04-05,PJ_MEDIO,6706,33072.2,True,2018-09-17,
7AC1E55C-105,04397851620,Ágatha Albuquerque,2000-01-04,PJ_PEQUENO,7817,6081.98,False,2023-09-01,17625159
80604EF9-410,80925746347,Breno Melo,1995-06-09,PJ_PEQUENO,8369,43804.82,False,2018-05-08,777A3718
CF188CDE-1BE,07536429800,Milena Sampaio,1965-01-13,PRIME,9072,56928.98,False,2023-04-23,
A6FF8450-CCF,62091384704,Cecilia Carvalho,1975-02-01,PJ_MEDIO,6562,59031.69,False,2019-01-29,65256365
A33F2332-55E,79321406506,Pedro Lucas Ferreira,1978-06-21,PJ_MEDIO,5719,15455.35,True,2018-06-01,
82C3ACE2-645,36901258712,Apollo Andrade,1960-08-24,VAREJO,8014,78852.81,True,2016-07-11,D360C9DE
FDE1F175-647,01896257321,Rhavi da Costa,1950-07-25,VAREJO,1702,13741.54,False,2019-03-06,
08E6CF7F-C32,47239086178,Bento Jesus,1970-08-06,PJ_MEDIO,4802,7210.73,True,2016-06-21,DFBFFB4B
D655F517-8D3,49083761584,Luiz Gustavo Ribeiro,1960-05-20,PRIVATE,6199,6935.54,True,2018-08-20,192763E7
B05F0B09-218,23810459615,Luiza Azevedo,1980-06-30,PJ_PEQUENO,1553,42460.27,False,2021-03-25,E7192E06
0324B275-D9A,79481523691,Gabrielly Leão,1966-05-05,VAREJO,5651,,False,2019-04-30,E0DA0E1E
B068409A-84E,58329064115,Sr. Pedro Aragão,1994-01-06,PRIME,9185,77102.98,True,2019-09-29,
D18F5225-201,09216438703,Clarice Ribeiro,1990-04-13,PJ_PEQUENO,5795,51986.93,True,2023-05-18,
C88E3586-E2F,42536180905,Sr. Luan Freitas,1950-07-28,PRIME,7001,,True,2019-02-19,DA2CDEF4
DA08E0C0-BF4,28617394013,Guilherme Pinto,1975-10-31,PRIME,2140,42777.47,True,2022-12-08,
BAB3723E-2CC,71064293840,João Melo,1998-09-30,VAREJO,3190,16448.26,True,2016-06-01,
323A70E8-338,05324197661,Antônio Viana,1967-12-17,PJ_MEDIO,3346,70475.13,True,2022-01-11,
C4A7D330-41F,81207395404,Sabrina da Mota,1977-05-08,PJ_MEDIO,2517,6130.28,True,2016-01-04,E9CF1FB2
EA9BFF77-087,91847063500,João Vitor Cavalcanti,1996-08-12,PRIME,7805,22097.64,True,2017-04-15,883B4B5F
6E666FF2-233,40923167803,Laura Dias,1999-08-04,PJ_PEQUENO,6652,,True,2023-08-08,
C114BDE8-C44,03195826712,Sr. Dante Abreu,1992-04-25,PJ_PEQUENO,9498,56934.09,False,2016-12-25,9FB712EF
C35E30C6-DA2,16580742976,Sr. Dom Gomes,1966-03-18,PRIVATE,8865,37944.52,False,2023-05-18,
7BD46AE5-E87,78340615262,Maya Pastor,1982-08-01,PJ_MEDIO,5352,39480.92,False,2016-09-25,
14679473-AD7,38126574909,Brayan Freitas,1952-12-07,PRIVATE,3333,50061.0,False,2019-04-16,
AE382915-D6B,30247819514,Marina Martins,1999-09-07,PRIME,2675,32310.9,True,2023-01-21,296B1A79
02DBF1CF-E2B,47593081214,Stephany Gomes,1989-06-07,VAREJO,8680,15280.6,False,2022-09-16,
40446A9E-97A,63184529746,Igor Barbosa,1969-04-18,PRIME,8256,63296.11,True,2021-05-01,
4F6A2E29-302,97380652400,Alexia Cassiano,1966-09-13,VAREJO,6338,15770.46,True,2021-06-19,
